cuisine_a,cuisine_b,iso3_a,iso3_b,lat_a,lon_a,lat_b,lon_b,distance_km,log_distance_km,cosine_similarity,jaccard_similarity,un_region_a,un_subregion_a,mapped_place_a,un_region_b,un_subregion_b,mapped_place_b,same_un_region,same_un_subregion,pair_id,predicted_cosine_distance_only,residual_cosine,abs_residual_cosine,residual_rank_positive,maritime_exposure_a,maritime_exposure_b,both_maritime_exposed,island_or_archipelago_a,island_or_archipelago_b,long_distance_pair,connectivity_proxy_class,connectivity_proxy_score,east_southeast_asia_bridge,proxy_note
british,southern_us,GBR,USA,55.3781,-3.436,33.0,-86.0,6598.914937127989,8.79466051103333,0.6628635986251662,0.4726947179946285,Europe,Northern Europe,United Kingdom,Americas,Northern America,Southern United States,False,False,british__southern_us,0.254405533140529,0.4084580654846371,0.4084580654846371,1,True,True,True,True,False,True,long_distance_maritime_proxy,1.3,False,Exploratory proxy from coordinates + UN region/subregion + manually documented maritime exposure; not a true least-cost route.
british,russian,GBR,RUS,55.3781,-3.436,61.524,105.3188,5613.82657557845,8.632987865026518,0.6439835433041144,0.5075445816186557,Europe,Northern Europe,United Kingdom,Europe,Eastern Europe,Russian Federation,True,False,british__russian,0.2731249217971875,0.3708586215069269,0.3708586215069269,2,True,False,False,True,False,True,same_region_cross_subregion,2.0,False,Exploratory proxy from coordinates + UN region/subregion + manually documented maritime exposure; not a true least-cost route.
thai,vietnamese,THA,VNM,15.87,100.9925,14.0583,108.2772,807.9944560969926,6.694555197231459,0.8561187857007516,0.6083333333333333,Asia,South-eastern Asia,Thailand,Asia,South-eastern Asia,Viet Nam,True,True,thai__vietnamese,0.4975678030727879,0.3585509826279637,0.3585509826279637,3,True,True,True,False,False,False,same_subregion,3.0,False,Exploratory proxy from coordinates + UN region/subregion + manually documented maritime exposure; not a true least-cost route.
irish,russian,IRL,RUS,53.1424,-7.6921,61.524,105.3188,5974.990923006386,8.695337857636446,0.6065135855942391,0.4828060522696011,Europe,Northern Europe,Ireland,Europe,Eastern Europe,Russian Federation,True,False,irish__russian,0.2659056811078513,0.3406079044863878,0.3406079044863878,4,True,False,False,True,False,True,same_region_cross_subregion,2.0,False,Exploratory proxy from coordinates + UN region/subregion + manually documented maritime exposure; not a true least-cost route.
french,russian,FRA,RUS,46.2276,2.2137,61.524,105.3188,6221.144289288262,8.73570913815189,0.591229882160345,0.4705294705294705,Europe,Western Europe,France,Europe,Eastern Europe,Russian Federation,True,False,french__russian,0.2612312620938659,0.329998620066479,0.329998620066479,5,True,False,False,False,False,True,same_region_cross_subregion,2.0,False,Exploratory proxy from coordinates + UN region/subregion + manually documented maritime exposure; not a true least-cost route.
irish,southern_us,IRL,USA,53.1424,-7.6921,33.0,-86.0,6390.486007316806,8.762565601962425,0.574845596536991,0.4670280036133695,Europe,Northern Europe,Ireland,Americas,Northern America,Southern United States,False,False,irish__southern_us,0.2581216662752157,0.3167239302617752,0.3167239302617752,6,True,True,True,True,False,True,long_distance_maritime_proxy,1.3,False,Exploratory proxy from coordinates + UN region/subregion + manually documented maritime exposure; not a true least-cost route.
chinese,korean,CHN,KOR,35.8617,104.1954,35.9078,127.7669,2118.363267321871,7.658399025770728,0.691546801417778,0.5078828828828829,Asia,Eastern Asia,China,Asia,Eastern Asia,Republic of Korea,True,True,chinese__korean,0.3859684220000734,0.3055783794177046,0.3055783794177046,7,True,True,True,False,False,False,same_subregion,3.0,False,Exploratory proxy from coordinates + UN region/subregion + manually documented maritime exposure; not a true least-cost route.
french,southern_us,FRA,USA,46.2276,2.2137,33.0,-86.0,7306.55494859727,8.89652716239519,0.5444757170337542,0.6802664446294754,Europe,Western Europe,France,Americas,Northern America,Southern United States,False,False,french__southern_us,0.2426108264595075,0.3018648905742467,0.3018648905742467,8,True,True,True,False,False,True,long_distance_maritime_proxy,1.3,False,Exploratory proxy from coordinates + UN region/subregion + manually documented maritime exposure; not a true least-cost route.
russian,southern_us,RUS,USA,61.524,105.3188,33.0,-86.0,9454.790386602195,9.15427681126481,0.5124537212269226,0.40754039497307,Europe,Eastern Europe,Russian Federation,Americas,Northern America,Southern United States,False,False,russian__southern_us,0.2127670899185443,0.2996866313083782,0.2996866313083782,9,False,True,False,False,False,True,long_distance_cross_region,0.4,False,Exploratory proxy from coordinates + UN region/subregion + manually documented maritime exposure; not a true least-cost route.
filipino,jamaican,PHL,JAM,12.8797,121.774,18.1096,-77.2975,15983.883035476072,9.679336183261215,0.436427171937805,0.4326145552560647,Asia,South-eastern Asia,Philippines,Americas,Caribbean,Jamaica,False,False,filipino__jamaican,0.1519726964637133,0.2844544754740917,0.2844544754740917,10,True,True,True,True,True,True,long_distance_maritime_proxy,1.3,False,Exploratory proxy from coordinates + UN region/subregion + manually documented maritime exposure; not a true least-cost route.
filipino,thai,PHL,THA,12.8797,121.774,15.87,100.9925,2261.9564522711976,7.723985404621249,0.5978624197343749,0.4661399548532731,Asia,South-eastern Asia,Philippines,Asia,South-eastern Asia,Thailand,True,True,filipino__thai,0.3783744539008934,0.2194879658334815,0.2194879658334815,11,True,True,True,True,False,False,same_subregion,3.0,False,Exploratory proxy from coordinates + UN region/subregion + manually documented maritime exposure; not a true least-cost route.
filipino,spanish,PHL,ESP,12.8797,121.774,40.4637,-3.7492,11857.328165301047,9.380701366000183,0.4053958846490478,0.3682539682539683,Asia,South-eastern Asia,Philippines,Europe,Southern Europe,Spain,False,False,filipino__spanish,0.1865503529120644,0.2188455317369834,0.2188455317369834,12,True,True,True,True,False,True,long_distance_maritime_proxy,1.3,False,Exploratory proxy from coordinates + UN region/subregion + manually documented maritime exposure; not a true least-cost route.
filipino,vietnamese,PHL,VNM,12.8797,121.774,14.0583,108.2772,1465.1592706612787,7.289719232716818,0.6371938376850346,0.4743589743589743,Asia,South-eastern Asia,Philippines,Asia,South-eastern Asia,Viet Nam,True,True,filipino__vietnamese,0.4286562885408472,0.2085375491441873,0.2085375491441873,13,True,True,True,True,False,False,same_subregion,3.0,False,Exploratory proxy from coordinates + UN region/subregion + manually documented maritime exposure; not a true least-cost route.
british,french,GBR,FRA,55.3781,-3.436,46.2276,2.2137,1091.3260572211182,6.995148802064005,0.6611316874592006,0.5186274509803922,Europe,Northern Europe,United Kingdom,Europe,Western Europe,France,True,False,british__french,0.4627633469353572,0.1983683405238433,0.1983683405238433,14,True,True,True,True,False,False,same_region_cross_subregion,2.0,False,Exploratory proxy from coordinates + UN region/subregion + manually documented maritime exposure; not a true least-cost route.
brazilian,filipino,BRA,PHL,-14.235,-51.9253,12.8797,121.774,19317.59246321305,9.868771486296248,0.2899970538050232,0.4198369565217391,Americas,South America,Brazil,Asia,South-eastern Asia,Philippines,False,False,brazilian__filipino,0.1300387877265776,0.1599582660784456,0.1599582660784456,15,True,True,True,False,True,True,long_distance_maritime_proxy,1.3,False,Exploratory proxy from coordinates + UN region/subregion + manually documented maritime exposure; not a true least-cost route.
french,jamaican,FRA,JAM,46.2276,2.2137,18.1096,-77.2975,7769.204473554808,8.957923053764176,0.3871111921574313,0.3915094339622642,Europe,Western Europe,France,Americas,Caribbean,Jamaica,False,False,french__jamaican,0.2355020570984269,0.1516091350590043,0.1516091350590043,16,True,True,True,False,True,True,long_distance_maritime_proxy,1.3,False,Exploratory proxy from coordinates + UN region/subregion + manually documented maritime exposure; not a true least-cost route.
russian,spanish,RUS,ESP,61.524,105.3188,40.4637,-3.7492,7019.90595447862,8.856505100132201,0.3936264759108585,0.4261363636363636,Europe,Eastern Europe,Russian Federation,Europe,Southern Europe,Spain,True,False,russian__spanish,0.2472448109760365,0.1463816649348219,0.1463816649348219,17,False,True,False,False,False,True,same_region_cross_subregion,2.0,False,Exploratory proxy from coordinates + UN region/subregion + manually documented maritime exposure; not a true least-cost route.
jamaican,spanish,JAM,ESP,18.1096,-77.2975,40.4637,-3.7492,7340.406576342819,8.901149511946807,0.3846456679204466,0.4246885617214043,Americas,Caribbean,Jamaica,Europe,Southern Europe,Spain,False,False,jamaican__spanish,0.2420756242475017,0.1425700436729448,0.1425700436729448,18,True,True,True,True,False,True,long_distance_maritime_proxy,1.3,False,Exploratory proxy from coordinates + UN region/subregion + manually documented maritime exposure; not a true least-cost route.
jamaican,russian,JAM,RUS,18.1096,-77.2975,61.524,105.3188,11157.190586288598,9.3198394646637,0.3344927440536204,0.3832658569500675,Americas,Caribbean,Jamaica,Europe,Eastern Europe,Russian Federation,False,False,jamaican__russian,0.1935972938364609,0.1408954502171594,0.1408954502171594,19,True,False,False,True,False,True,long_distance_cross_region,0.4,False,Exploratory proxy from coordinates + UN region/subregion + manually documented maritime exposure; not a true least-cost route.
filipino,french,PHL,FRA,12.8797,121.774,46.2276,2.2137,11107.19789035912,9.315348635732914,0.3330031518519588,0.3764813126709207,Asia,South-eastern Asia,Philippines,Europe,Western Europe,France,False,False,filipino__french,0.1941172678346745,0.1388858840172842,0.1388858840172842,20,True,True,True,True,False,True,long_distance_maritime_proxy,1.3,False,Exploratory proxy from coordinates + UN region/subregion + manually documented maritime exposure; not a true least-cost route.
filipino,italian,PHL,ITA,12.8797,121.774,41.8719,12.5674,10581.871650051393,9.266897594308247,0.3383209160847308,0.3752052545155993,Asia,South-eastern Asia,Philippines,Europe,Southern Europe,Italy,False,False,filipino__italian,0.1997272080295666,0.1385937080551641,0.1385937080551641,21,True,True,True,True,False,True,long_distance_maritime_proxy,1.3,False,Exploratory proxy from coordinates + UN region/subregion + manually documented maritime exposure; not a true least-cost route.
italian,southern_us,ITA,USA,41.8719,12.5674,33.0,-86.0,8262.496705296679,9.019482085406056,0.3625979397934786,0.7366746221161495,Europe,Southern Europe,Italy,Americas,Northern America,Southern United States,False,False,italian__southern_us,0.2283743984184092,0.1342235413750694,0.1342235413750694,22,True,True,True,False,False,True,long_distance_maritime_proxy,1.3,False,Exploratory proxy from coordinates + UN region/subregion + manually documented maritime exposure; not a true least-cost route.
italian,spanish,ITA,ESP,41.8719,12.5674,40.4637,-3.7492,1372.636055078732,7.224488297854104,0.5702034308246421,0.601027397260274,Europe,Southern Europe,Italy,Europe,Southern Europe,Spain,True,True,italian__spanish,0.4362091012911308,0.1339943295335113,0.1339943295335113,23,True,True,True,False,False,False,same_subregion,3.0,False,Exploratory proxy from coordinates + UN region/subregion + manually documented maritime exposure; not a true least-cost route.
chinese,filipino,CHN,PHL,35.8617,104.1954,12.8797,121.774,3102.7551124396678,8.040045741720679,0.4751546051351769,0.4903640256959314,Asia,Eastern Asia,China,Asia,South-eastern Asia,Philippines,True,False,chinese__filipino,0.3417791705598301,0.1333754345753467,0.1333754345753467,24,True,True,True,False,True,False,same_region_cross_subregion,2.0,True,Exploratory proxy from coordinates + UN region/subregion + manually documented maritime exposure; not a true least-cost route.
british,irish,GBR,IRL,55.3781,-3.436,53.1424,-7.6921,371.65425609519866,5.917964002996484,0.7166649056037884,0.5420560747663551,Europe,Northern Europe,United Kingdom,Europe,Northern Europe,Ireland,True,True,british__irish,0.5874859973454947,0.1291789082582937,0.1291789082582937,25,True,True,True,True,True,False,same_subregion,3.0,False,Exploratory proxy from coordinates + UN region/subregion + manually documented maritime exposure; not a true least-cost route.
indian,jamaican,IND,JAM,20.5937,78.9629,18.1096,-77.2975,14993.367793987978,9.615363235241045,0.2852376783816117,0.4556407447973713,Asia,Southern Asia,India,Americas,Caribbean,Jamaica,False,False,indian__jamaican,0.1593798522632872,0.1258578261183244,0.1258578261183244,26,False,True,False,False,True,True,long_distance_cross_region,0.4,False,Exploratory proxy from coordinates + UN region/subregion + manually documented maritime exposure; not a true least-cost route.
italian,russian,ITA,RUS,41.8719,12.5674,61.524,105.3188,6146.042213902749,8.723563611183398,0.3868092216592826,0.4160899653979238,Europe,Southern Europe,Italy,Europe,Eastern Europe,Russian Federation,True,False,italian__russian,0.2626375410493891,0.1241716806098935,0.1241716806098935,27,True,False,False,False,False,True,same_region_cross_subregion,2.0,False,Exploratory proxy from coordinates + UN region/subregion + manually documented maritime exposure; not a true least-cost route.
indian,moroccan,IND,MAR,20.5937,78.9629,31.7917,-7.0926,8463.17556119232,9.0434797440127,0.3495453289398547,0.5327510917030568,Asia,Southern Asia,India,Africa,Northern Africa,Morocco,False,False,indian__moroccan,0.2255958115058856,0.123949517433969,0.123949517433969,28,False,True,False,False,False,True,long_distance_cross_region,0.4,False,Exploratory proxy from coordinates + UN region/subregion + manually documented maritime exposure; not a true least-cost route.
cajun_creole,filipino,USA,PHL,30.9843,-91.9623,12.8797,121.774,13951.44076361209,9.543338062462112,0.2893227897908265,0.4078674948240166,Americas,Northern America,"Louisiana, United States",Asia,South-eastern Asia,Philippines,False,False,cajun_creole__filipino,0.16771934094992,0.1216034488409065,0.1216034488409065,29,True,True,True,False,True,True,long_distance_maritime_proxy,1.3,False,Exploratory proxy from coordinates + UN region/subregion + manually documented maritime exposure; not a true least-cost route.
filipino,southern_us,PHL,USA,12.8797,121.774,33.0,-86.0,14123.067691193492,9.555564746033111,0.2810266225494026,0.3977371627502176,Asia,South-eastern Asia,Philippines,Americas,Northern America,Southern United States,False,False,filipino__southern_us,0.1663036652162655,0.1147229573331371,0.1147229573331371,30,True,True,True,True,False,True,long_distance_maritime_proxy,1.3,False,Exploratory proxy from coordinates + UN region/subregion + manually documented maritime exposure; not a true least-cost route.
cajun_creole,spanish,USA,ESP,30.9843,-91.9623,40.4637,-3.7492,7699.322015841822,8.948887554074483,0.3504026345696198,0.5411298315163529,Americas,Northern America,"Louisiana, United States",Europe,Southern Europe,Spain,False,False,cajun_creole__spanish,0.2365482392113327,0.113854395358287,0.113854395358287,31,True,True,True,False,False,True,long_distance_maritime_proxy,1.3,False,Exploratory proxy from coordinates + UN region/subregion + manually documented maritime exposure; not a true least-cost route.
french,italian,FRA,ITA,46.2276,2.2137,41.8719,12.5674,957.665017772306,6.864498048526516,0.5902097217342468,0.7671464860287892,Europe,Western Europe,France,Europe,Southern Europe,Italy,True,False,french__italian,0.4778908424898651,0.1123188792443816,0.1123188792443816,32,True,True,True,False,False,False,same_region_cross_subregion,2.0,False,Exploratory proxy from coordinates + UN region/subregion + manually documented maritime exposure; not a true least-cost route.
french,irish,FRA,IRL,46.2276,2.2137,53.1424,-7.6921,1046.4859570709225,6.953193122848024,0.5771058794390497,0.5054187192118227,Europe,Western Europe,France,Europe,Northern Europe,Ireland,True,False,french__irish,0.4676212167420093,0.1094846626970403,0.1094846626970403,33,True,True,True,False,True,False,same_region_cross_subregion,2.0,False,Exploratory proxy from coordinates + UN region/subregion + manually documented maritime exposure; not a true least-cost route.
british,jamaican,GBR,JAM,55.3781,-3.436,18.1096,-77.2975,7344.7434935643505,8.901740165406522,0.3492172185771472,0.3914141414141414,Europe,Northern Europe,United Kingdom,Americas,Caribbean,Jamaica,False,False,british__jamaican,0.2420072349933706,0.1072099835837765,0.1072099835837765,34,True,True,True,True,True,True,long_distance_maritime_proxy,1.3,False,Exploratory proxy from coordinates + UN region/subregion + manually documented maritime exposure; not a true least-cost route.
italian,jamaican,ITA,JAM,41.8719,12.5674,18.1096,-77.2975,8665.204796136271,9.06707083673899,0.3290002217873372,0.388653683319221,Europe,Southern Europe,Italy,Americas,Caribbean,Jamaica,False,False,italian__jamaican,0.2228642991289553,0.1061359226583818,0.1061359226583818,35,True,True,True,False,True,True,long_distance_maritime_proxy,1.3,False,Exploratory proxy from coordinates + UN region/subregion + manually documented maritime exposure; not a true least-cost route.
filipino,irish,PHL,IRL,12.8797,121.774,53.1424,-7.6921,11246.99633715145,9.327856379730584,0.297503702167566,0.3317422434367542,Asia,South-eastern Asia,Philippines,Europe,Northern Europe,Ireland,False,False,filipino__irish,0.1926690493085763,0.1048346528589896,0.1048346528589896,36,True,True,True,True,True,True,long_distance_maritime_proxy,1.3,False,Exploratory proxy from coordinates + UN region/subregion + manually documented maritime exposure; not a true least-cost route.
mexican,spanish,MEX,ESP,23.6345,-102.5528,40.4637,-3.7492,9025.748549618387,9.107836721547573,0.3226764285890671,0.5736040609137056,Americas,Central America,Mexico,Europe,Southern Europe,Spain,False,False,mexican__spanish,0.2181441905607297,0.1045322380283373,0.1045322380283373,37,True,True,True,False,False,True,long_distance_maritime_proxy,1.3,False,Exploratory proxy from coordinates + UN region/subregion + manually documented maritime exposure; not a true least-cost route.
filipino,moroccan,PHL,MAR,12.8797,121.774,31.7917,-7.0926,12646.797498775748,9.445159299952604,0.2835756074311314,0.3596176821983273,Asia,South-eastern Asia,Philippines,Africa,Northern Africa,Morocco,False,False,filipino__moroccan,0.179087042652333,0.1044885647787984,0.1044885647787984,38,True,True,True,True,False,True,long_distance_maritime_proxy,1.3,False,Exploratory proxy from coordinates + UN region/subregion + manually documented maritime exposure; not a true least-cost route.
cajun_creole,italian,USA,ITA,30.9843,-91.9623,41.8719,12.5674,8832.105718119283,9.08614873834099,0.324000500359295,0.6222780569514238,Americas,Northern America,"Louisiana, United States",Europe,Southern Europe,Italy,False,False,cajun_creole__italian,0.2206553499735968,0.1033451503856982,0.1033451503856982,39,True,True,True,False,False,True,long_distance_maritime_proxy,1.3,False,Exploratory proxy from coordinates + UN region/subregion + manually documented maritime exposure; not a true least-cost route.
brazilian,spanish,BRA,ESP,-14.235,-51.9253,40.4637,-3.7492,7850.194000810301,8.9682935239501,0.3312922582253983,0.4351851851851852,Americas,South America,Brazil,Europe,Southern Europe,Spain,False,False,brazilian__spanish,0.2343013044246911,0.0969909538007072,0.0969909538007072,40,True,True,True,False,False,True,long_distance_maritime_proxy,1.3,False,Exploratory proxy from coordinates + UN region/subregion + manually documented maritime exposure; not a true least-cost route.
irish,jamaican,IRL,JAM,53.1424,-7.6921,18.1096,-77.2975,7052.437834764901,8.861128628199216,0.3430581852996378,0.3948387096774193,Europe,Northern Europe,Ireland,Americas,Caribbean,Jamaica,False,False,irish__jamaican,0.246709472308741,0.0963487129908967,0.0963487129908967,41,True,True,True,True,True,True,long_distance_maritime_proxy,1.3,False,Exploratory proxy from coordinates + UN region/subregion + manually documented maritime exposure; not a true least-cost route.
cajun_creole,french,USA,FRA,30.9843,-91.9623,46.2276,2.2137,7874.764154324953,8.971418514588215,0.3293756381941549,0.5835567470956211,Americas,Northern America,"Louisiana, United States",Europe,Western Europe,France,False,False,cajun_creole__french,0.233939475038285,0.0954361631558698,0.0954361631558698,42,True,True,True,False,False,True,long_distance_maritime_proxy,1.3,False,Exploratory proxy from coordinates + UN region/subregion + manually documented maritime exposure; not a true least-cost route.
southern_us,spanish,USA,ESP,33.0,-86.0,40.4637,-3.7492,7108.562560307809,8.869055330811847,0.3309475242901585,0.5579584775086506,Americas,Northern America,Southern United States,Europe,Southern Europe,Spain,False,False,southern_us__spanish,0.2457916730975786,0.0851558511925799,0.0851558511925799,43,True,True,True,False,False,True,long_distance_maritime_proxy,1.3,False,Exploratory proxy from coordinates + UN region/subregion + manually documented maritime exposure; not a true least-cost route.
chinese,jamaican,CHN,JAM,35.8617,104.1954,18.1096,-77.2975,14011.711859263029,9.547648820250888,0.2510694982352207,0.4091381100726895,Asia,Eastern Asia,China,Americas,Caribbean,Jamaica,False,False,chinese__jamaican,0.167220216624031,0.0838492816111896,0.0838492816111896,44,True,True,True,False,True,True,long_distance_maritime_proxy,1.3,False,Exploratory proxy from coordinates + UN region/subregion + manually documented maritime exposure; not a true least-cost route.
filipino,mexican,PHL,MEX,12.8797,121.774,23.6345,-102.5528,13714.073108379387,9.526177818760493,0.2528231822139615,0.4026958719460826,Asia,South-eastern Asia,Philippines,Americas,Central America,Mexico,False,False,filipino__mexican,0.16970625264604,0.0831169295679215,0.0831169295679215,45,True,True,True,True,False,True,long_distance_maritime_proxy,1.3,False,Exploratory proxy from coordinates + UN region/subregion + manually documented maritime exposure; not a true least-cost route.
brazilian,russian,BRA,RUS,-14.235,-51.9253,61.524,105.3188,14451.534392193988,9.578555874214214,0.2460682744839699,0.3813443072702332,Americas,South America,Brazil,Europe,Eastern Europe,Russian Federation,False,False,brazilian__russian,0.1636416201844861,0.0824266542994837,0.0824266542994837,46,True,False,False,False,False,True,long_distance_cross_region,0.4,False,Exploratory proxy from coordinates + UN region/subregion + manually documented maritime exposure; not a true least-cost route.
british,filipino,GBR,PHL,55.3781,-3.436,12.8797,121.774,10876.13720649403,9.294326421201845,0.2722970334952934,0.3551847437425506,Europe,Northern Europe,United Kingdom,Asia,South-eastern Asia,Philippines,False,False,british__filipino,0.1965513407217738,0.0757456927735196,0.0757456927735196,47,True,True,True,True,True,True,long_distance_maritime_proxy,1.3,False,Exploratory proxy from coordinates + UN region/subregion + manually documented maritime exposure; not a true least-cost route.
jamaican,moroccan,JAM,MAR,18.1096,-77.2975,31.7917,-7.0926,7123.7371044660185,8.871187740930482,0.3145976377618615,0.4068877551020408,Americas,Caribbean,Jamaica,Africa,Northern Africa,Morocco,False,False,jamaican__moroccan,0.2455447703915734,0.0690528673702881,0.0690528673702881,48,True,True,True,True,False,True,long_distance_maritime_proxy,1.3,False,Exploratory proxy from coordinates + UN region/subregion + manually documented maritime exposure; not a true least-cost route.
chinese,japanese,CHN,JPN,35.8617,104.1954,36.2048,138.2529,3046.7594206143967,8.021833819719639,0.4123523144417802,0.6071065989847716,Asia,Eastern Asia,China,Asia,Eastern Asia,Japan,True,True,chinese__japanese,0.3438878516171553,0.0684644628246249,0.0684644628246249,49,True,True,True,False,True,False,same_subregion,3.0,False,Exploratory proxy from coordinates + UN region/subregion + manually documented maritime exposure; not a true least-cost route.
moroccan,russian,MAR,RUS,31.7917,-7.0926,61.524,105.3188,8008.914310083437,8.988310489063478,0.2997764885640239,0.4066496163682864,Africa,Northern Africa,Morocco,Europe,Eastern Europe,Russian Federation,False,False,moroccan__russian,0.2319836250958806,0.0677928634681432,0.0677928634681432,50,True,False,False,False,False,True,long_distance_cross_region,0.4,False,Exploratory proxy from coordinates + UN region/subregion + manually documented maritime exposure; not a true least-cost route.
cajun_creole,russian,USA,RUS,30.9843,-91.9623,61.524,105.3188,9610.923284372324,9.170655572726329,0.2784148437718298,0.4093816631130064,Americas,Northern America,"Louisiana, United States",Europe,Eastern Europe,Russian Federation,False,False,cajun_creole__russian,0.2108706627301138,0.067544181041716,0.067544181041716,51,True,False,False,False,False,True,long_distance_cross_region,0.4,False,Exploratory proxy from coordinates + UN region/subregion + manually documented maritime exposure; not a true least-cost route.
filipino,russian,PHL,RUS,12.8797,121.774,61.524,105.3188,5568.840447412244,8.62494213304677,0.3379815047122138,0.3537675606641124,Asia,South-eastern Asia,Philippines,Europe,Eastern Europe,Russian Federation,False,False,filipino__russian,0.2740565029129554,0.0639250017992583,0.0639250017992583,52,True,False,False,True,False,True,long_distance_cross_region,0.4,False,Exploratory proxy from coordinates + UN region/subregion + manually documented maritime exposure; not a true least-cost route.
jamaican,thai,JAM,THA,18.1096,-77.2975,15.87,100.9925,16232.111518101325,9.694746751744576,0.2128684788828052,0.3936052921719956,Americas,Caribbean,Jamaica,Asia,South-eastern Asia,Thailand,False,False,jamaican__thai,0.1501883722259078,0.0626801066568973,0.0626801066568973,53,True,True,True,True,False,True,long_distance_maritime_proxy,1.3,False,Exploratory proxy from coordinates + UN region/subregion + manually documented maritime exposure; not a true least-cost route.
french,spanish,FRA,ESP,46.2276,2.2137,40.4637,-3.7492,801.5339692904616,6.686527353298062,0.5589767274853381,0.6238095238095238,Europe,Western Europe,France,Europe,Southern Europe,Spain,True,False,french__spanish,0.4984973130076839,0.0604794144776541,0.0604794144776541,54,True,True,True,False,False,False,same_region_cross_subregion,2.0,False,Exploratory proxy from coordinates + UN region/subregion + manually documented maritime exposure; not a true least-cost route.
jamaican,korean,JAM,KOR,18.1096,-77.2975,35.9078,127.7669,13454.659622436582,9.507080765363249,0.2231362491683292,0.3484646194926569,Americas,Caribbean,Jamaica,Asia,Eastern Asia,Republic of Korea,False,False,jamaican__korean,0.1719174193063846,0.0512188298619446,0.0512188298619446,55,True,True,True,True,False,True,long_distance_maritime_proxy,1.3,False,Exploratory proxy from coordinates + UN region/subregion + manually documented maritime exposure; not a true least-cost route.
italian,mexican,ITA,MEX,41.8719,12.5674,23.6345,-102.5528,10147.79356058709,9.225011577645391,0.2533609216011351,0.7543035993740219,Europe,Southern Europe,Italy,Americas,Central America,Mexico,False,False,italian__mexican,0.2045770119052219,0.0487839096959131,0.0487839096959131,56,True,True,True,False,False,True,long_distance_maritime_proxy,1.3,False,Exploratory proxy from coordinates + UN region/subregion + manually documented maritime exposure; not a true least-cost route.
chinese,vietnamese,CHN,VNM,35.8617,104.1954,14.0583,108.2772,2458.4098952600184,7.807270035889536,0.4173315784388259,0.5833333333333334,Asia,Eastern Asia,China,Asia,South-eastern Asia,Viet Nam,True,False,chinese__vietnamese,0.3687312803626076,0.0486002980762182,0.0486002980762182,57,True,True,True,False,False,False,same_region_cross_subregion,2.0,True,Exploratory proxy from coordinates + UN region/subregion + manually documented maritime exposure; not a true least-cost route.
indian,mexican,IND,MEX,20.5937,78.9629,23.6345,-102.5528,15094.416151593972,9.62208016312819,0.2064181909865247,0.5460368294635709,Asia,Southern Asia,India,Americas,Central America,Mexico,False,False,indian__mexican,0.1586021277266767,0.047816063259848,0.047816063259848,58,False,True,False,False,False,True,long_distance_cross_region,0.4,False,Exploratory proxy from coordinates + UN region/subregion + manually documented maritime exposure; not a true least-cost route.
brazilian,french,BRA,FRA,-14.235,-51.9253,46.2276,2.2137,8625.301992047534,9.062455254857328,0.2703366343021192,0.3955938697318008,Americas,South America,Brazil,Europe,Western Europe,France,False,False,brazilian__french,0.2233987177412157,0.0469379165609034,0.0469379165609034,59,True,True,True,False,False,True,long_distance_maritime_proxy,1.3,False,Exploratory proxy from coordinates + UN region/subregion + manually documented maritime exposure; not a true least-cost route.
brazilian,italian,BRA,ITA,-14.235,-51.9253,41.8719,12.5674,9069.64002760222,9.11268785407486,0.2630640673262041,0.3886986301369863,Americas,South America,Brazil,Europe,Southern Europe,Italy,False,False,brazilian__italian,0.2175824985401797,0.0454815687860243,0.0454815687860243,60,True,True,True,False,False,True,long_distance_maritime_proxy,1.3,False,Exploratory proxy from coordinates + UN region/subregion + manually documented maritime exposure; not a true least-cost route.
moroccan,spanish,MAR,ESP,31.7917,-7.0926,40.4637,-3.7492,1009.729920801704,6.917438168929346,0.5127514364788559,0.5096262740656852,Africa,Northern Africa,Morocco,Europe,Southern Europe,Spain,False,False,moroccan__spanish,0.4717611309163368,0.040990305562519,0.040990305562519,61,True,True,True,False,False,False,other_cross_region,0.8,False,Exploratory proxy from coordinates + UN region/subregion + manually documented maritime exposure; not a true least-cost route.
indian,spanish,IND,ESP,20.5937,78.9629,40.4637,-3.7492,7941.658441732586,8.979877404185247,0.2701720160251009,0.4791271347248577,Asia,Southern Asia,India,Europe,Southern Europe,Spain,False,False,indian__spanish,0.2329600561577161,0.0372119598673848,0.0372119598673848,62,False,True,False,False,False,True,long_distance_cross_region,0.4,False,Exploratory proxy from coordinates + UN region/subregion + manually documented maritime exposure; not a true least-cost route.
brazilian,mexican,BRA,MEX,-14.235,-51.9253,23.6345,-102.5528,6928.29511738265,8.843369047109643,0.2823391946520145,0.4029590948651,Americas,South America,Brazil,Americas,Central America,Mexico,True,False,brazilian__mexican,0.2487657787341406,0.0335734159178739,0.0335734159178739,63,True,True,True,False,False,True,same_region_cross_subregion,2.0,False,Exploratory proxy from coordinates + UN region/subregion + manually documented maritime exposure; not a true least-cost route.
brazilian,indian,BRA,IND,-14.235,-51.9253,20.5937,78.9629,14775.330719470856,9.60071422574432,0.1940234166626217,0.4036402569593147,Americas,South America,Brazil,Asia,Southern Asia,India,False,False,brazilian__indian,0.1610759988222585,0.0329474178403632,0.0329474178403632,64,True,False,False,False,False,True,long_distance_cross_region,0.4,False,Exploratory proxy from coordinates + UN region/subregion + manually documented maritime exposure; not a true least-cost route.
filipino,korean,PHL,KOR,12.8797,121.774,35.9078,127.7669,2630.003382456011,7.874740411275931,0.3920307151638358,0.437414030261348,Asia,South-eastern Asia,Philippines,Asia,Eastern Asia,Republic of Korea,True,False,filipino__korean,0.3609191723105419,0.0311115428532939,0.0311115428532939,65,True,True,True,True,False,False,same_region_cross_subregion,2.0,True,Exploratory proxy from coordinates + UN region/subregion + manually documented maritime exposure; not a true least-cost route.
mexican,moroccan,MEX,MAR,23.6345,-102.5528,31.7917,-7.0926,9131.246287562444,9.119457468934923,0.2478571063429093,0.441251056635672,Americas,Central America,Mexico,Africa,Northern Africa,Morocco,False,False,mexican__moroccan,0.2167986736028673,0.0310584327400419,0.0310584327400419,66,True,True,True,False,False,True,long_distance_maritime_proxy,1.3,False,Exploratory proxy from coordinates + UN region/subregion + manually documented maritime exposure; not a true least-cost route.
jamaican,vietnamese,JAM,VNM,18.1096,-77.2975,14.0583,108.2772,16386.354829052307,9.704204244870596,0.1794589453093676,0.3680981595092024,Americas,Caribbean,Jamaica,Asia,South-eastern Asia,Viet Nam,False,False,jamaican__vietnamese,0.1490933292862617,0.0303656160231059,0.0303656160231059,67,True,True,True,True,False,True,long_distance_maritime_proxy,1.3,False,Exploratory proxy from coordinates + UN region/subregion + manually documented maritime exposure; not a true least-cost route.
korean,vietnamese,KOR,VNM,35.9078,127.7669,14.0583,108.2772,3110.781664397245,8.042629312627401,0.3659514424461841,0.4904891304347826,Asia,Eastern Asia,Republic of Korea,Asia,South-eastern Asia,Viet Nam,True,False,korean__vietnamese,0.3414800298633703,0.0244714125828138,0.0244714125828138,68,True,True,True,False,False,False,same_region_cross_subregion,2.0,True,Exploratory proxy from coordinates + UN region/subregion + manually documented maritime exposure; not a true least-cost route.
greek,jamaican,GRC,JAM,39.0742,21.8243,18.1096,-77.2975,9504.0419919804,9.15947245994077,0.2359781510436862,0.3734249713631157,Europe,Southern Europe,Greece,Americas,Caribbean,Jamaica,False,False,greek__jamaican,0.2121655078371533,0.0238126432065328,0.0238126432065328,69,True,True,True,False,True,True,long_distance_maritime_proxy,1.3,False,Exploratory proxy from coordinates + UN region/subregion + manually documented maritime exposure; not a true least-cost route.
cajun_creole,irish,USA,IRL,30.9843,-91.9623,53.1424,-7.6921,6938.91164052966,8.844900217071487,0.2689812652027204,0.4369134515119917,Americas,Northern America,"Louisiana, United States",Europe,Northern Europe,Ireland,False,False,cajun_creole__irish,0.2485884910709328,0.0203927741317875,0.0203927741317875,70,True,True,True,False,True,True,long_distance_maritime_proxy,1.3,False,Exploratory proxy from coordinates + UN region/subregion + manually documented maritime exposure; not a true least-cost route.
filipino,greek,PHL,GRC,12.8797,121.774,39.0742,21.8243,9945.499605474664,9.204875426876386,0.2272975727782412,0.3398479913137893,Asia,South-eastern Asia,Philippines,Europe,Southern Europe,Greece,False,False,filipino__greek,0.2069084912346206,0.0203890815436206,0.0203890815436206,71,True,True,True,True,False,True,long_distance_maritime_proxy,1.3,False,Exploratory proxy from coordinates + UN region/subregion + manually documented maritime exposure; not a true least-cost route.
mexican,russian,MEX,RUS,23.6345,-102.5528,61.524,105.3188,10222.49149369416,9.232345620122448,0.2220005490199466,0.3989681857265692,Americas,Central America,Mexico,Europe,Eastern Europe,Russian Federation,False,False,mexican__russian,0.2037278342926611,0.0182727147272854,0.0182727147272854,72,True,False,False,False,False,True,long_distance_cross_region,0.4,False,Exploratory proxy from coordinates + UN region/subregion + manually documented maritime exposure; not a true least-cost route.
greek,spanish,GRC,ESP,39.0742,21.8243,40.4637,-3.7492,2183.516526563854,7.688691941737757,0.3985765258406665,0.5332618025751072,Europe,Southern Europe,Greece,Europe,Southern Europe,Spain,True,True,greek__spanish,0.3824609339893532,0.0161155918513132,0.0161155918513132,73,True,True,True,False,False,False,same_subregion,3.0,False,Exploratory proxy from coordinates + UN region/subregion + manually documented maritime exposure; not a true least-cost route.
british,cajun_creole,GBR,USA,55.3781,-3.436,30.9843,-91.9623,7132.089829129636,8.8723595741266,0.2580984432597377,0.4102822580645161,Europe,Northern Europe,United Kingdom,Americas,Northern America,"Louisiana, United States",False,False,british__cajun_creole,0.2454090888054751,0.0126893544542625,0.0126893544542625,74,True,True,True,True,False,True,long_distance_maritime_proxy,1.3,False,Exploratory proxy from coordinates + UN region/subregion + manually documented maritime exposure; not a true least-cost route.
brazilian,thai,BRA,THA,-14.235,-51.9253,15.87,100.9925,17103.3375210047,9.747028900113206,0.1553577925347174,0.3844444444444444,Americas,South America,Brazil,Asia,South-eastern Asia,Thailand,False,False,brazilian__thai,0.1441348444381818,0.0112229480965356,0.0112229480965356,75,True,True,True,False,False,True,long_distance_maritime_proxy,1.3,False,Exploratory proxy from coordinates + UN region/subregion + manually documented maritime exposure; not a true least-cost route.
greek,russian,GRC,RUS,39.0742,21.8243,61.524,105.3188,5939.5651504422885,8.68939120268068,0.2758131958910338,0.4323353293413173,Europe,Southern Europe,Greece,Europe,Eastern Europe,Russian Federation,True,False,greek__russian,0.2665942190149957,0.0092189768760381,0.0092189768760381,76,True,False,False,False,False,True,same_region_cross_subregion,2.0,False,Exploratory proxy from coordinates + UN region/subregion + manually documented maritime exposure; not a true least-cost route.
greek,moroccan,GRC,MAR,39.0742,21.8243,31.7917,-7.0926,2728.849809469252,7.9116354841880865,0.3637743565196091,0.5275779376498801,Europe,Southern Europe,Greece,Africa,Northern Africa,Morocco,False,False,greek__moroccan,0.356647248602871,0.0071271079167381,0.0071271079167381,77,True,True,True,False,False,False,other_cross_region,0.8,False,Exploratory proxy from coordinates + UN region/subregion + manually documented maritime exposure; not a true least-cost route.
brazilian,jamaican,BRA,JAM,-14.235,-51.9253,18.1096,-77.2975,4546.627886125149,8.422141113248353,0.304042918462412,0.4511494252873563,Americas,South America,Brazil,Americas,Caribbean,Jamaica,True,False,brazilian__jamaican,0.2975379711967945,0.0065049472656175,0.0065049472656175,78,True,True,True,False,True,False,same_region_cross_subregion,2.0,False,Exploratory proxy from coordinates + UN region/subregion + manually documented maritime exposure; not a true least-cost route.
greek,mexican,GRC,MEX,39.0742,21.8243,23.6345,-102.5528,10959.60577483995,9.30197159040618,0.2016266963466561,0.5262711864406779,Europe,Southern Europe,Greece,Americas,Central America,Mexico,False,False,greek__mexican,0.1956661390675873,0.0059605572790688,0.0059605572790688,79,True,True,True,False,False,True,long_distance_maritime_proxy,1.3,False,Exploratory proxy from coordinates + UN region/subregion + manually documented maritime exposure; not a true least-cost route.
cajun_creole,greek,USA,GRC,30.9843,-91.9623,39.0742,21.8243,9650.24292650853,9.174738367747633,0.2122246019906214,0.4989979959919839,Americas,Northern America,"Louisiana, United States",Europe,Southern Europe,Greece,False,False,cajun_creole__greek,0.2103979332443473,0.0018266687462741,0.0018266687462741,80,True,True,True,False,False,True,long_distance_maritime_proxy,1.3,False,Exploratory proxy from coordinates + UN region/subregion + manually documented maritime exposure; not a true least-cost route.
brazilian,british,BRA,GBR,-14.235,-51.9253,55.3781,-3.436,8966.784187347499,9.101282383231563,0.2206784964374052,0.3987096774193548,Americas,South America,Brazil,Europe,Northern Europe,United Kingdom,False,False,brazilian__british,0.2189030895418191,0.001775406895586,0.001775406895586,81,True,True,True,False,True,True,long_distance_maritime_proxy,1.3,False,Exploratory proxy from coordinates + UN region/subregion + manually documented maritime exposure; not a true least-cost route.
cajun_creole,indian,USA,IND,30.9843,-91.9623,20.5937,78.9629,14198.61838786308,9.560899942226367,0.1669685765611754,0.4688346883468834,Americas,Northern America,"Louisiana, United States",Asia,Southern Asia,India,False,False,cajun_creole__indian,0.1656859255208513,0.001282651040324,0.001282651040324,82,True,False,False,False,False,True,long_distance_cross_region,0.4,False,Exploratory proxy from coordinates + UN region/subregion + manually documented maritime exposure; not a true least-cost route.
french,mexican,FRA,MEX,46.2276,2.2137,23.6345,-102.5528,9190.129077283364,9.12588526065734,0.2172368660932563,0.6629303442754203,Europe,Western Europe,France,Americas,Central America,Mexico,False,False,french__mexican,0.2160544269140929,0.0011824391791634,0.0011824391791634,83,True,True,True,False,False,True,long_distance_maritime_proxy,1.3,False,Exploratory proxy from coordinates + UN region/subregion + manually documented maritime exposure; not a true least-cost route.
greek,southern_us,GRC,USA,39.0742,21.8243,33.0,-86.0,9086.907816692816,9.114589955117957,0.2169413457843005,0.5121527777777778,Europe,Southern Europe,Greece,Americas,Northern America,Southern United States,False,False,greek__southern_us,0.2173622623433377,-0.0004209165590371,0.0004209165590371,84,True,True,True,False,False,True,long_distance_maritime_proxy,1.3,False,Exploratory proxy from coordinates + UN region/subregion + manually documented maritime exposure; not a true least-cost route.
indian,southern_us,IND,USA,20.5937,78.9629,33.0,-86.0,13845.477045696203,9.535713891183091,0.1673681009577708,0.5432811211871393,Asia,Southern Asia,India,Americas,Northern America,Southern United States,False,False,indian__southern_us,0.168602111343564,-0.0012340103857932,0.0012340103857932,85,False,True,False,False,False,True,long_distance_cross_region,0.4,False,Exploratory proxy from coordinates + UN region/subregion + manually documented maritime exposure; not a true least-cost route.
brazilian,irish,BRA,IRL,-14.235,-51.9253,53.1424,-7.6921,8595.464039998882,9.058989905888232,0.2183280741752665,0.39501312335958,Americas,South America,Brazil,Europe,Northern Europe,Ireland,False,False,brazilian__irish,0.2237999557724206,-0.005471881597154,0.005471881597154,86,True,True,True,False,True,True,long_distance_maritime_proxy,1.3,False,Exploratory proxy from coordinates + UN region/subregion + manually documented maritime exposure; not a true least-cost route.
korean,thai,KOR,THA,35.9078,127.7669,15.87,100.9925,3462.219388080404,8.149665104057746,0.322774584414937,0.4676089517078916,Asia,Eastern Asia,Republic of Korea,Asia,South-eastern Asia,Thailand,True,False,korean__thai,0.3290868104199695,-0.0063122260050325,0.0063122260050325,87,True,True,True,False,False,False,same_region_cross_subregion,2.0,True,Exploratory proxy from coordinates + UN region/subregion + manually documented maritime exposure; not a true least-cost route.
brazilian,vietnamese,BRA,VNM,-14.235,-51.9253,14.0583,108.2772,17881.042491328044,9.79149635191196,0.1251685502921399,0.3781407035175879,Americas,South America,Brazil,Asia,South-eastern Asia,Viet Nam,False,False,brazilian__vietnamese,0.1389861471578946,-0.0138175968657546,0.0138175968657546,88,True,True,True,False,False,True,long_distance_maritime_proxy,1.3,False,Exploratory proxy from coordinates + UN region/subregion + manually documented maritime exposure; not a true least-cost route.
japanese,korean,JPN,KOR,36.2048,138.2529,35.9078,127.7669,942.7523388113896,6.848803616974838,0.4648267802478513,0.4837935174069628,Asia,Eastern Asia,Japan,Asia,Eastern Asia,Republic of Korea,True,True,japanese__korean,0.4797080340260808,-0.0148812537782295,0.0148812537782295,89,True,True,True,True,False,False,same_subregion,3.0,False,Exploratory proxy from coordinates + UN region/subregion + manually documented maritime exposure; not a true least-cost route.
chinese,thai,CHN,THA,35.8617,104.1954,15.87,100.9925,2245.56048654433,7.716710428947159,0.3641616051638636,0.6439628482972136,Asia,Eastern Asia,China,Asia,South-eastern Asia,Thailand,True,False,chinese__thai,0.3792167924193419,-0.0150551872554783,0.0150551872554783,90,True,True,True,False,False,False,same_region_cross_subregion,2.0,True,Exploratory proxy from coordinates + UN region/subregion + manually documented maritime exposure; not a true least-cost route.
brazilian,southern_us,BRA,USA,-14.235,-51.9253,33.0,-86.0,6377.678796054875,8.760559485068669,0.2430126789168481,0.4131028207461328,Americas,South America,Brazil,Americas,Northern America,Southern United States,True,False,brazilian__southern_us,0.2583539460253927,-0.0153412671085445,0.0153412671085445,91,True,True,True,False,False,True,same_region_cross_subregion,2.0,False,Exploratory proxy from coordinates + UN region/subregion + manually documented maritime exposure; not a true least-cost route.
cajun_creole,moroccan,USA,MAR,30.9843,-91.9623,31.7917,-7.0926,7821.887890105436,8.964681222574729,0.21850862174323,0.4127144298688194,Americas,Northern America,"Louisiana, United States",Africa,Northern Africa,Morocco,False,False,cajun_creole__moroccan,0.2347195574505476,-0.0162109357073176,0.0162109357073176,92,True,True,True,False,False,True,long_distance_maritime_proxy,1.3,False,Exploratory proxy from coordinates + UN region/subregion + manually documented maritime exposure; not a true least-cost route.
mexican,thai,MEX,THA,23.6345,-102.5528,15.87,100.9925,14931.668834884427,9.61123966157292,0.1423187824184709,0.4928,Americas,Central America,Mexico,Asia,South-eastern Asia,Thailand,False,False,mexican__thai,0.1598573033352808,-0.0175385209168098,0.0175385209168098,93,True,True,True,False,False,True,long_distance_maritime_proxy,1.3,False,Exploratory proxy from coordinates + UN region/subregion + manually documented maritime exposure; not a true least-cost route.
brazilian,moroccan,BRA,MAR,-14.235,-51.9253,31.7917,-7.0926,7000.105549040859,8.853680506358181,0.2242402946632031,0.4090909090909091,Americas,South America,Brazil,Africa,Northern Africa,Morocco,False,False,brazilian__moroccan,0.2475718586860791,-0.0233315640228759,0.0233315640228759,94,True,True,True,False,False,True,long_distance_maritime_proxy,1.3,False,Exploratory proxy from coordinates + UN region/subregion + manually documented maritime exposure; not a true least-cost route.
filipino,indian,PHL,IND,12.8797,121.774,20.5937,78.9629,4625.250783629305,8.439285871963902,0.2719901351050558,0.4193548387096774,Asia,South-eastern Asia,Philippines,Asia,Southern Asia,India,True,False,filipino__indian,0.2955528524414085,-0.0235627173363526,0.0235627173363526,95,True,False,False,True,False,False,same_region_cross_subregion,2.0,False,Exploratory proxy from coordinates + UN region/subregion + manually documented maritime exposure; not a true least-cost route.
moroccan,southern_us,MAR,USA,31.7917,-7.0926,33.0,-86.0,7217.390863756298,8.884248790363715,0.2138101470866386,0.4425942156003505,Africa,Northern Africa,Morocco,Americas,Northern America,Southern United States,False,False,moroccan__southern_us,0.2440324869803509,-0.0302223398937122,0.0302223398937122,96,True,True,True,False,False,True,long_distance_maritime_proxy,1.3,False,Exploratory proxy from coordinates + UN region/subregion + manually documented maritime exposure; not a true least-cost route.
british,italian,GBR,ITA,55.3781,-3.436,41.8719,12.5674,1898.061703129702,7.548588488193452,0.3677075041065016,0.4674657534246575,Europe,Northern Europe,United Kingdom,Europe,Southern Europe,Italy,True,False,british__italian,0.3986829175086025,-0.0309754134021009,0.0309754134021009,97,True,True,True,True,False,False,same_region_cross_subregion,2.0,False,Exploratory proxy from coordinates + UN region/subregion + manually documented maritime exposure; not a true least-cost route.
jamaican,japanese,JAM,JPN,18.1096,-77.2975,36.2048,138.2529,12912.897588839129,9.46598190395786,0.145302356052571,0.3995535714285714,Americas,Caribbean,Jamaica,Asia,Eastern Asia,Japan,False,False,jamaican__japanese,0.1766760818197772,-0.0313737257672062,0.0313737257672062,98,True,True,True,True,True,True,long_distance_maritime_proxy,1.3,False,Exploratory proxy from coordinates + UN region/subregion + manually documented maritime exposure; not a true least-cost route.
brazilian,korean,BRA,KOR,-14.235,-51.9253,35.9078,127.7669,17605.010279010472,9.775938815457796,0.1084047645294934,0.3626373626373626,Americas,South America,Brazil,Asia,Eastern Asia,Republic of Korea,False,False,brazilian__korean,0.1407874881925017,-0.0323827236630083,0.0323827236630083,99,True,True,True,False,False,True,long_distance_maritime_proxy,1.3,False,Exploratory proxy from coordinates + UN region/subregion + manually documented maritime exposure; not a true least-cost route.
brazilian,greek,BRA,GRC,-14.235,-51.9253,39.0742,21.8243,9653.289505425177,9.17505401763738,0.1774002320602456,0.3668981481481481,Americas,South America,Brazil,Europe,Southern Europe,Greece,False,False,brazilian__greek,0.2103613854849608,-0.0329611534247152,0.0329611534247152,100,True,True,True,False,False,True,long_distance_maritime_proxy,1.3,False,Exploratory proxy from coordinates + UN region/subregion + manually documented maritime exposure; not a true least-cost route.
brazilian,chinese,BRA,CHN,-14.235,-51.9253,35.8617,104.1954,16632.875272906607,9.719136453989291,0.1140659175222636,0.3875647668393782,Americas,South America,Brazil,Asia,Eastern Asia,China,False,False,brazilian__chinese,0.1473643922465131,-0.0332984747242494,0.0332984747242494,101,True,True,True,False,False,True,long_distance_maritime_proxy,1.3,False,Exploratory proxy from coordinates + UN region/subregion + manually documented maritime exposure; not a true least-cost route.
korean,spanish,KOR,ESP,35.9078,127.7669,40.4637,-3.7492,10185.016530769308,9.228672951710086,0.1704635403835602,0.3304721030042918,Asia,Eastern Asia,Republic of Korea,Europe,Southern Europe,Spain,False,False,korean__spanish,0.2041530769612021,-0.0336895365776419,0.0336895365776419,102,True,True,True,False,False,True,long_distance_maritime_proxy,1.3,False,Exploratory proxy from coordinates + UN region/subregion + manually documented maritime exposure; not a true least-cost route.
cajun_creole,jamaican,USA,JAM,30.9843,-91.9623,18.1096,-77.2975,2057.2827154199117,7.629141320860247,0.3535879388479911,0.441784548422198,Americas,Northern America,"Louisiana, United States",Americas,Caribbean,Jamaica,True,False,cajun_creole__jamaican,0.3893560473216633,-0.0357681084736721,0.0357681084736721,103,True,True,True,False,True,False,same_region_cross_subregion,2.0,False,Exploratory proxy from coordinates + UN region/subregion + manually documented maritime exposure; not a true least-cost route.
french,indian,FRA,IND,46.2276,2.2137,20.5937,78.9629,7368.915845495296,8.905025870630585,0.2041845643061131,0.5297157622739018,Europe,Western Europe,France,Asia,Southern Asia,India,False,False,french__indian,0.2416267971480108,-0.0374422328418976,0.0374422328418976,104,True,False,False,False,False,True,long_distance_cross_region,0.4,False,Exploratory proxy from coordinates + UN region/subregion + manually documented maritime exposure; not a true least-cost route.
jamaican,southern_us,JAM,USA,18.1096,-77.2975,33.0,-86.0,1869.783379499209,7.533577863298684,0.3623812148153555,0.4294813466787989,Americas,Caribbean,Jamaica,Americas,Northern America,Southern United States,True,False,jamaican__southern_us,0.4004209339778365,-0.038039719162481,0.038039719162481,105,True,True,True,True,False,False,same_region_cross_subregion,2.0,False,Exploratory proxy from coordinates + UN region/subregion + manually documented maritime exposure; not a true least-cost route.
mexican,vietnamese,MEX,VNM,23.6345,-102.5528,14.0583,108.2772,14648.58928207213,9.592099315069474,0.1235989432435294,0.4085315832649713,Americas,Central America,Mexico,Asia,South-eastern Asia,Viet Nam,False,False,mexican__vietnamese,0.1620734827204193,-0.0384745394768899,0.0384745394768899,106,True,True,True,False,False,True,long_distance_maritime_proxy,1.3,False,Exploratory proxy from coordinates + UN region/subregion + manually documented maritime exposure; not a true least-cost route.
italian,moroccan,ITA,MAR,41.8719,12.5674,31.7917,-7.0926,2070.231965431268,7.6354159405759106,0.3492940659947118,0.4658119658119658,Europe,Southern Europe,Italy,Africa,Northern Africa,Morocco,False,False,italian__moroccan,0.3886295357686496,-0.0393354697739378,0.0393354697739378,107,True,True,True,False,False,False,other_cross_region,0.8,False,Exploratory proxy from coordinates + UN region/subregion + manually documented maritime exposure; not a true least-cost route.
irish,italian,IRL,ITA,53.1424,-7.6921,41.8719,12.5674,1959.3092287117795,7.580347255774264,0.3544360058396552,0.4519725557461406,Europe,Northern Europe,Ireland,Europe,Southern Europe,Italy,True,False,irish__italian,0.3950057047686277,-0.0405696989289725,0.0405696989289725,108,True,True,True,True,False,False,same_region_cross_subregion,2.0,False,Exploratory proxy from coordinates + UN region/subregion + manually documented maritime exposure; not a true least-cost route.
spanish,thai,ESP,THA,40.4637,-3.7492,15.87,100.9925,10063.345279224,9.216654921103022,0.1634435546451968,0.413434247871334,Europe,Southern Europe,Spain,Asia,South-eastern Asia,Thailand,False,False,spanish__thai,0.2055445936548288,-0.0421010390096319,0.0421010390096319,109,True,True,True,False,False,True,long_distance_maritime_proxy,1.3,False,Exploratory proxy from coordinates + UN region/subregion + manually documented maritime exposure; not a true least-cost route.
french,greek,FRA,GRC,46.2276,2.2137,39.0742,21.8243,1783.6794315359823,7.486433606150562,0.3635707806885178,0.5572374645222328,Europe,Western Europe,France,Europe,Southern Europe,Greece,True,False,french__greek,0.4058795671744997,-0.0423087864859818,0.0423087864859818,110,True,True,True,False,False,False,same_region_cross_subregion,2.0,False,Exploratory proxy from coordinates + UN region/subregion + manually documented maritime exposure; not a true least-cost route.
brazilian,cajun_creole,BRA,USA,-14.235,-51.9253,30.9843,-91.9623,6600.582043638266,8.794913112556186,0.2092244104139209,0.4068891280947255,Americas,South America,Brazil,Americas,Northern America,"Louisiana, United States",True,False,brazilian__cajun_creole,0.2543762854836222,-0.0451518750697013,0.0451518750697013,111,True,True,True,False,False,True,same_region_cross_subregion,2.0,False,Exploratory proxy from coordinates + UN region/subregion + manually documented maritime exposure; not a true least-cost route.
spanish,vietnamese,ESP,VNM,40.4637,-3.7492,14.0583,108.2772,10768.447758811317,9.284375633376165,0.1513618497752777,0.3640973630831643,Europe,Southern Europe,Spain,Asia,South-eastern Asia,Viet Nam,False,False,spanish__vietnamese,0.1977035001584477,-0.04634165038317,0.04634165038317,112,True,True,True,False,False,True,long_distance_maritime_proxy,1.3,False,Exploratory proxy from coordinates + UN region/subregion + manually documented maritime exposure; not a true least-cost route.
british,indian,GBR,IND,55.3781,-3.436,20.5937,78.9629,7662.660941408669,8.944114583796637,0.1878515722292878,0.4301732925586136,Europe,Northern Europe,United Kingdom,Asia,Southern Asia,India,False,False,british__indian,0.2371008811571688,-0.049249308927881,0.049249308927881,113,True,False,False,True,False,True,long_distance_cross_region,0.4,False,Exploratory proxy from coordinates + UN region/subregion + manually documented maritime exposure; not a true least-cost route.
greek,italian,GRC,ITA,39.0742,21.8243,41.8719,12.5674,841.986931300016,6.735764493100516,0.4431534918793108,0.5639032815198618,Europe,Southern Europe,Greece,Europe,Southern Europe,Italy,True,True,greek__italian,0.4927963538221361,-0.0496428619428253,0.0496428619428253,114,True,True,True,False,False,False,same_subregion,3.0,False,Exploratory proxy from coordinates + UN region/subregion + manually documented maritime exposure; not a true least-cost route.
cajun_creole,chinese,USA,CHN,30.9843,-91.9623,35.8617,104.1954,12393.17105941899,9.424900878876011,0.1312642028984215,0.4689165186500888,Americas,Northern America,"Louisiana, United States",Asia,Eastern Asia,China,False,False,cajun_creole__chinese,0.1814326791410621,-0.0501684762426405,0.0501684762426405,115,True,True,True,False,False,True,long_distance_maritime_proxy,1.3,False,Exploratory proxy from coordinates + UN region/subregion + manually documented maritime exposure; not a true least-cost route.
irish,mexican,IRL,MEX,53.1424,-7.6921,23.6345,-102.5528,8237.89519010779,9.016500152179937,0.1784017129078773,0.4372331340734415,Europe,Northern Europe,Ireland,Americas,Central America,Mexico,False,False,irish__mexican,0.2287196637949997,-0.0503179508871224,0.0503179508871224,116,True,True,True,True,False,True,long_distance_maritime_proxy,1.3,False,Exploratory proxy from coordinates + UN region/subregion + manually documented maritime exposure; not a true least-cost route.
chinese,spanish,CHN,ESP,35.8617,104.1954,40.4637,-3.7492,8788.272142806285,9.081173400572386,0.170900704838893,0.4336043360433604,Asia,Eastern Asia,China,Europe,Southern Europe,Spain,False,False,chinese__spanish,0.2212314231912313,-0.0503307183523382,0.0503307183523382,117,True,True,True,False,False,True,long_distance_maritime_proxy,1.3,False,Exploratory proxy from coordinates + UN region/subregion + manually documented maritime exposure; not a true least-cost route.
indian,irish,IND,IRL,20.5937,78.9629,53.1424,-7.6921,7971.30374694771,8.983603340206432,0.1819056623236267,0.4174358974358974,Asia,Southern Asia,India,Europe,Northern Europe,Ireland,False,False,indian__irish,0.2325286458591089,-0.0506229835354821,0.0506229835354821,118,False,True,False,False,True,True,long_distance_cross_region,0.4,False,Exploratory proxy from coordinates + UN region/subregion + manually documented maritime exposure; not a true least-cost route.
indian,italian,IND,ITA,20.5937,78.9629,41.8719,12.5674,6569.041783365633,8.790123253561182,0.2015914583110668,0.5356012658227848,Asia,Southern Asia,India,Europe,Southern Europe,Italy,False,False,indian__italian,0.2549308829022498,-0.053339424591183,0.053339424591183,119,False,True,False,False,False,True,long_distance_cross_region,0.4,False,Exploratory proxy from coordinates + UN region/subregion + manually documented maritime exposure; not a true least-cost route.
chinese,southern_us,CHN,USA,35.8617,104.1954,33.0,-86.0,12284.884135904482,9.416124853563998,0.1286836984330657,0.5359741309620049,Asia,Eastern Asia,China,Americas,Northern America,Southern United States,False,False,chinese__southern_us,0.1824488178184073,-0.0537651193853416,0.0537651193853416,120,True,True,True,False,False,True,long_distance_maritime_proxy,1.3,False,Exploratory proxy from coordinates + UN region/subregion + manually documented maritime exposure; not a true least-cost route.
cajun_creole,thai,USA,THA,30.9843,-91.9623,15.87,100.9925,14624.252156832812,9.590436536217108,0.1063207637520372,0.4334251606978879,Americas,Northern America,"Louisiana, United States",Asia,South-eastern Asia,Thailand,False,False,cajun_creole__thai,0.1622660088177916,-0.0559452450657543,0.0559452450657543,121,True,True,True,False,False,True,long_distance_maritime_proxy,1.3,False,Exploratory proxy from coordinates + UN region/subregion + manually documented maritime exposure; not a true least-cost route.
french,moroccan,FRA,MAR,46.2276,2.2137,31.7917,-7.0926,1792.3384395204855,7.491276437042375,0.348267418515025,0.486097794822627,Europe,Western Europe,France,Africa,Northern Africa,Morocco,False,False,french__moroccan,0.4053188363650435,-0.0570514178500184,0.0570514178500184,122,True,True,True,False,False,False,other_cross_region,0.8,False,Exploratory proxy from coordinates + UN region/subregion + manually documented maritime exposure; not a true least-cost route.
chinese,mexican,CHN,MEX,35.8617,104.1954,23.6345,-102.5528,12826.359368546571,9.459257658070896,0.1181898434181406,0.5400943396226415,Asia,Eastern Asia,China,Americas,Central America,Mexico,False,False,chinese__mexican,0.1774546536764889,-0.0592648102583483,0.0592648102583483,123,True,True,True,False,False,True,long_distance_maritime_proxy,1.3,False,Exploratory proxy from coordinates + UN region/subregion + manually documented maritime exposure; not a true least-cost route.
british,mexican,GBR,MEX,55.3781,-3.436,23.6345,-102.5528,8414.590097863318,9.03772239454881,0.165672649231731,0.4343434343434343,Europe,Northern Europe,United Kingdom,Americas,Central America,Mexico,False,False,british__mexican,0.2262624305345753,-0.0605897813028442,0.0605897813028442,124,True,True,True,True,False,True,long_distance_maritime_proxy,1.3,False,Exploratory proxy from coordinates + UN region/subregion + manually documented maritime exposure; not a true least-cost route.
moroccan,thai,MAR,THA,31.7917,-7.0926,15.87,100.9925,10708.077422245193,9.278753634932109,0.1372309838913596,0.4290288153681963,Africa,Northern Africa,Morocco,Asia,South-eastern Asia,Thailand,False,False,moroccan__thai,0.1983544474677223,-0.0611234635763627,0.0611234635763627,125,True,True,True,False,False,True,long_distance_maritime_proxy,1.3,False,Exploratory proxy from coordinates + UN region/subregion + manually documented maritime exposure; not a true least-cost route.
cajun_creole,vietnamese,USA,VNM,30.9843,-91.9623,14.0583,108.2772,14559.573677460405,9.586004040927795,0.1000757296936574,0.3735408560311284,Americas,Northern America,"Louisiana, United States",Asia,South-eastern Asia,Viet Nam,False,False,cajun_creole__vietnamese,0.1627792286115463,-0.0627034989178889,0.0627034989178889,126,True,True,True,False,False,True,long_distance_maritime_proxy,1.3,False,Exploratory proxy from coordinates + UN region/subregion + manually documented maritime exposure; not a true least-cost route.
korean,moroccan,KOR,MAR,35.9078,127.7669,31.7917,-7.0926,11138.7964759183,9.318189471371891,0.1290906955713155,0.3378545006165228,Asia,Eastern Asia,Republic of Korea,Africa,Northern Africa,Morocco,False,False,korean__moroccan,0.1937883395481077,-0.0646976439767921,0.0646976439767921,127,True,True,True,False,False,True,long_distance_maritime_proxy,1.3,False,Exploratory proxy from coordinates + UN region/subregion + manually documented maritime exposure; not a true least-cost route.
jamaican,mexican,JAM,MEX,18.1096,-77.2975,23.6345,-102.5528,2690.839687843278,7.897608575501307,0.2912177755844882,0.4186248912097476,Americas,Caribbean,Jamaica,Americas,Central America,Mexico,True,False,jamaican__mexican,0.3582713647526631,-0.0670535891681748,0.0670535891681748,128,True,True,True,True,False,False,same_region_cross_subregion,2.0,False,Exploratory proxy from coordinates + UN region/subregion + manually documented maritime exposure; not a true least-cost route.
cajun_creole,korean,USA,KOR,30.9843,-91.9623,35.9078,127.7669,11499.955029989587,9.350098403908008,0.1221763260878527,0.3405128205128205,Americas,Northern America,"Louisiana, United States",Asia,Eastern Asia,Republic of Korea,False,False,cajun_creole__korean,0.1900937398460811,-0.0679174137582283,0.0679174137582283,129,True,True,True,False,False,True,long_distance_maritime_proxy,1.3,False,Exploratory proxy from coordinates + UN region/subregion + manually documented maritime exposure; not a true least-cost route.
moroccan,vietnamese,MAR,VNM,31.7917,-7.0926,14.0583,108.2772,11455.355016505564,9.346212586681949,0.122209660563067,0.3789107763615295,Africa,Northern Africa,Morocco,Asia,South-eastern Asia,Viet Nam,False,False,moroccan__vietnamese,0.1905436621099889,-0.0683340015469219,0.0683340015469219,130,True,True,True,False,False,True,long_distance_maritime_proxy,1.3,False,Exploratory proxy from coordinates + UN region/subregion + manually documented maritime exposure; not a true least-cost route.
southern_us,thai,USA,THA,33.0,-86.0,15.87,100.9925,14530.433807865971,9.584000612131446,0.0942208755710717,0.4584342211460855,Americas,Northern America,Southern United States,Asia,South-eastern Asia,Thailand,False,False,southern_us__thai,0.1630111971183476,-0.0687903215472759,0.0687903215472759,131,True,True,True,False,False,True,long_distance_maritime_proxy,1.3,False,Exploratory proxy from coordinates + UN region/subregion + manually documented maritime exposure; not a true least-cost route.
brazilian,japanese,BRA,JPN,-14.235,-51.9253,36.2048,138.2529,17370.455863837502,9.762526103210725,0.0732944413355703,0.3997734994337485,Americas,South America,Brazil,Asia,Eastern Asia,Japan,False,False,brazilian__japanese,0.1423404891465551,-0.0690460478109848,0.0690460478109848,132,True,True,True,False,True,True,long_distance_maritime_proxy,1.3,False,Exploratory proxy from coordinates + UN region/subregion + manually documented maritime exposure; not a true least-cost route.
italian,korean,ITA,KOR,41.8719,12.5674,35.9078,127.7669,9147.00418724906,9.121181693429197,0.146691542487685,0.3338815789473684,Europe,Southern Europe,Italy,Asia,Eastern Asia,Republic of Korea,False,False,italian__korean,0.2165990329757308,-0.0699074904880457,0.0699074904880457,133,True,True,True,False,False,True,long_distance_maritime_proxy,1.3,False,Exploratory proxy from coordinates + UN region/subregion + manually documented maritime exposure; not a true least-cost route.
chinese,moroccan,CHN,MAR,35.8617,104.1954,31.7917,-7.0926,9634.346600161403,9.173089763308786,0.1370079139870455,0.4334334334334334,Asia,Eastern Asia,China,Africa,Northern Africa,Morocco,False,False,chinese__moroccan,0.210588818146612,-0.0735809041595665,0.0735809041595665,134,True,True,True,False,False,True,long_distance_maritime_proxy,1.3,False,Exploratory proxy from coordinates + UN region/subregion + manually documented maritime exposure; not a true least-cost route.
greek,indian,GRC,IND,39.0742,21.8243,20.5937,78.9629,5779.119513927443,8.662006616831992,0.1952751770703714,0.4895729890764647,Europe,Southern Europe,Greece,Asia,Southern Asia,India,False,False,greek__indian,0.2697649638402002,-0.0744897867698287,0.0744897867698287,135,True,False,False,False,False,True,long_distance_cross_region,0.4,False,Exploratory proxy from coordinates + UN region/subregion + manually documented maritime exposure; not a true least-cost route.
korean,mexican,KOR,MEX,35.9078,127.7669,23.6345,-102.5528,11542.899455391078,9.353825761136976,0.1145903672400325,0.3410981697171381,Asia,Eastern Asia,Republic of Korea,Americas,Central America,Mexico,False,False,korean__mexican,0.1896621649918641,-0.0750717977518316,0.0750717977518316,136,True,True,True,False,False,True,long_distance_maritime_proxy,1.3,False,Exploratory proxy from coordinates + UN region/subregion + manually documented maritime exposure; not a true least-cost route.
southern_us,vietnamese,USA,VNM,33.0,-86.0,14.0583,108.2772,14567.12455216121,9.586522525708352,0.0868074753323397,0.3862876254180602,Americas,Northern America,Southern United States,Asia,South-eastern Asia,Viet Nam,False,False,southern_us__vietnamese,0.1627191954620959,-0.0759117201297561,0.0759117201297561,137,True,True,True,False,False,True,long_distance_maritime_proxy,1.3,False,Exploratory proxy from coordinates + UN region/subregion + manually documented maritime exposure; not a true least-cost route.
french,korean,FRA,KOR,46.2276,2.2137,35.9078,127.7669,9384.19287171608,9.146781943374023,0.1330524190935698,0.3354720439963336,Europe,Western Europe,France,Asia,Eastern Asia,Republic of Korea,False,False,french__korean,0.2136348888223369,-0.080582469728767,0.080582469728767,138,True,True,True,False,False,True,long_distance_maritime_proxy,1.3,False,Exploratory proxy from coordinates + UN region/subregion + manually documented maritime exposure; not a true least-cost route.
indian,russian,IND,RUS,20.5937,78.9629,61.524,105.3188,4985.672218903675,8.514323521630432,0.2062058688125098,0.4121405750798722,Asia,Southern Asia,India,Europe,Eastern Europe,Russian Federation,False,False,indian__russian,0.286864561857417,-0.0806586930449072,0.0806586930449072,139,False,False,False,False,False,False,other_cross_region,0.8,False,Exploratory proxy from coordinates + UN region/subregion + manually documented maritime exposure; not a true least-cost route.
korean,southern_us,KOR,USA,35.9078,127.7669,33.0,-86.0,11586.329368797948,9.357581179424251,0.1073766664727178,0.3399482312338223,Asia,Eastern Asia,Republic of Korea,Americas,Northern America,Southern United States,False,False,korean__southern_us,0.1892273410669507,-0.0818506745942328,0.0818506745942328,140,True,True,True,False,False,True,long_distance_maritime_proxy,1.3,False,Exploratory proxy from coordinates + UN region/subregion + manually documented maritime exposure; not a true least-cost route.
british,spanish,GBR,ESP,55.3781,-3.436,40.4637,-3.7492,1658.5677636670778,7.413709715958864,0.3299567899810176,0.4462540716612377,Europe,Northern Europe,United Kingdom,Europe,Southern Europe,Spain,True,False,british__spanish,0.414299957381172,-0.0843431674001543,0.0843431674001543,141,True,True,True,True,False,False,same_region_cross_subregion,2.0,False,Exploratory proxy from coordinates + UN region/subregion + manually documented maritime exposure; not a true least-cost route.
chinese,italian,CHN,ITA,35.8617,104.1954,41.8719,12.5674,7566.27117692636,8.931455646068837,0.153217153765973,0.5299145299145299,Asia,Eastern Asia,China,Europe,Southern Europe,Italy,False,False,chinese__italian,0.2385666057627842,-0.0853494519968111,0.0853494519968111,142,True,True,True,False,False,True,long_distance_maritime_proxy,1.3,False,Exploratory proxy from coordinates + UN region/subregion + manually documented maritime exposure; not a true least-cost route.
chinese,french,CHN,FRA,35.8617,104.1954,46.2276,2.2137,8022.007892259988,8.989944030156488,0.1462373164292058,0.5045871559633027,Asia,Eastern Asia,China,Europe,Western Europe,France,False,False,chinese__french,0.231794484314419,-0.0855571678852132,0.0855571678852132,143,True,True,True,False,False,True,long_distance_maritime_proxy,1.3,False,Exploratory proxy from coordinates + UN region/subregion + manually documented maritime exposure; not a true least-cost route.
italian,thai,ITA,THA,41.8719,12.5674,15.87,100.9925,8710.342738104382,9.072266419026938,0.1363880150948584,0.4702194357366771,Europe,Southern Europe,Italy,Asia,South-eastern Asia,Thailand,False,False,italian__thai,0.22226272473435,-0.0858747096394915,0.0858747096394915,144,True,True,True,False,False,True,long_distance_maritime_proxy,1.3,False,Exploratory proxy from coordinates + UN region/subregion + manually documented maritime exposure; not a true least-cost route.
french,vietnamese,FRA,VNM,46.2276,2.2137,14.0583,108.2772,10073.085574174022,9.21762235130757,0.1181376618370679,0.3786407766990291,Europe,Western Europe,France,Asia,South-eastern Asia,Viet Nam,False,False,french__vietnamese,0.2054325790225182,-0.0872949171854502,0.0872949171854502,145,True,True,True,False,False,True,long_distance_maritime_proxy,1.3,False,Exploratory proxy from coordinates + UN region/subregion + manually documented maritime exposure; not a true least-cost route.
italian,vietnamese,ITA,VNM,41.8719,12.5674,14.0583,108.2772,9431.670679885618,9.151828526413173,0.1238046627685904,0.37829209896249,Europe,Southern Europe,Italy,Asia,South-eastern Asia,Viet Nam,False,False,italian__vietnamese,0.213050566417581,-0.0892459036489905,0.0892459036489905,146,True,True,True,False,False,True,long_distance_maritime_proxy,1.3,False,Exploratory proxy from coordinates + UN region/subregion + manually documented maritime exposure; not a true least-cost route.
french,thai,FRA,THA,46.2276,2.2137,15.87,100.9925,9395.61852047402,9.147998744749614,0.118567227555433,0.4524617996604414,Europe,Western Europe,France,Asia,South-eastern Asia,Thailand,False,False,french__thai,0.2134940005618286,-0.0949267730063956,0.0949267730063956,147,True,True,True,False,False,True,long_distance_maritime_proxy,1.3,False,Exploratory proxy from coordinates + UN region/subregion + manually documented maritime exposure; not a true least-cost route.
japanese,spanish,JPN,ESP,36.2048,138.2529,40.4637,-3.7492,10648.644048343376,9.27318784362739,0.1039869199771903,0.4039735099337748,Asia,Eastern Asia,Japan,Europe,Southern Europe,Spain,False,False,japanese__spanish,0.1989988867911838,-0.0950119668139935,0.0950119668139935,148,True,True,True,True,False,True,long_distance_maritime_proxy,1.3,False,Exploratory proxy from coordinates + UN region/subregion + manually documented maritime exposure; not a true least-cost route.
japanese,vietnamese,JPN,VNM,36.2048,138.2529,14.0583,108.2772,3865.433932054091,8.259829226919752,0.2198134841290076,0.5308219178082192,Asia,Eastern Asia,Japan,Asia,South-eastern Asia,Viet Nam,True,False,japanese__vietnamese,0.3163313747738747,-0.0965178906448671,0.0965178906448671,149,True,True,True,True,False,False,same_region_cross_subregion,2.0,True,Exploratory proxy from coordinates + UN region/subregion + manually documented maritime exposure; not a true least-cost route.
irish,korean,IRL,KOR,53.1424,-7.6921,35.9078,127.7669,9222.054226266886,9.129353092847705,0.1165824492833725,0.2963414634146341,Europe,Northern Europe,Ireland,Asia,Eastern Asia,Republic of Korea,False,False,irish__korean,0.2156529013612498,-0.0990704520778772,0.0990704520778772,150,True,True,True,True,False,True,long_distance_maritime_proxy,1.3,False,Exploratory proxy from coordinates + UN region/subregion + manually documented maritime exposure; not a true least-cost route.
japanese,southern_us,JPN,USA,36.2048,138.2529,33.0,-86.0,11050.796396324493,9.310257776414398,0.0950986051852642,0.4681372549019608,Asia,Eastern Asia,Japan,Americas,Northern America,Southern United States,False,False,japanese__southern_us,0.1947067168016671,-0.0996081116164029,0.0996081116164029,151,True,True,True,True,False,True,long_distance_maritime_proxy,1.3,False,Exploratory proxy from coordinates + UN region/subregion + manually documented maritime exposure; not a true least-cost route.
japanese,moroccan,JPN,MAR,36.2048,138.2529,31.7917,-7.0926,11637.072171299254,9.36195115797071,0.0891034455116449,0.4033790918690602,Asia,Eastern Asia,Japan,Africa,Northern Africa,Morocco,False,False,japanese__moroccan,0.1887213598211872,-0.0996179143095422,0.0996179143095422,152,True,True,True,True,False,True,long_distance_maritime_proxy,1.3,False,Exploratory proxy from coordinates + UN region/subregion + manually documented maritime exposure; not a true least-cost route.
french,japanese,FRA,JPN,46.2276,2.2137,36.2048,138.2529,9850.124416471954,9.195239365200267,0.1059725771691523,0.463855421686747,Europe,Western Europe,France,Asia,Eastern Asia,Japan,False,False,french__japanese,0.2080242098678593,-0.102051632698707,0.102051632698707,153,True,True,True,False,True,True,long_distance_maritime_proxy,1.3,False,Exploratory proxy from coordinates + UN region/subregion + manually documented maritime exposure; not a true least-cost route.
irish,spanish,IRL,ESP,53.1424,-7.6921,40.4637,-3.7492,1440.8279297190431,7.272973178542715,0.3279428351755349,0.4454244762954796,Europe,Northern Europe,Ireland,Europe,Southern Europe,Spain,True,False,irish__spanish,0.4305952429916656,-0.1026524078161307,0.1026524078161307,154,True,True,True,True,False,False,same_region_cross_subregion,2.0,False,Exploratory proxy from coordinates + UN region/subregion + manually documented maritime exposure; not a true least-cost route.
cajun_creole,southern_us,USA,USA,30.9843,-91.9623,33.0,-86.0,605.1869196450326,6.405537368404082,0.4244985644707332,0.6357267950963222,Americas,Northern America,"Louisiana, United States",Americas,Northern America,Southern United States,True,True,cajun_creole__southern_us,0.531031949297594,-0.1065333848268607,0.1065333848268607,155,True,True,True,False,False,False,same_subregion,3.0,False,Exploratory proxy from coordinates + UN region/subregion + manually documented maritime exposure; not a true least-cost route.
chinese,irish,CHN,IRL,35.8617,104.1954,53.1424,-7.6921,8149.530031027395,9.00571553966761,0.1199388134195208,0.3729308666017527,Asia,Eastern Asia,China,Europe,Northern Europe,Ireland,False,False,chinese__irish,0.2299683682488205,-0.1100295548292996,0.1100295548292996,156,True,True,True,False,True,True,long_distance_maritime_proxy,1.3,False,Exploratory proxy from coordinates + UN region/subregion + manually documented maritime exposure; not a true least-cost route.
indian,japanese,IND,JPN,20.5937,78.9629,36.2048,138.2529,5959.307558827328,8.692709571905002,0.1558213370348542,0.5426587301587301,Asia,Southern Asia,India,Asia,Eastern Asia,Japan,True,False,indian__japanese,0.2662099991438509,-0.1103886621089966,0.1103886621089966,157,False,True,False,False,True,True,same_region_cross_subregion,2.0,False,Exploratory proxy from coordinates + UN region/subregion + manually documented maritime exposure; not a true least-cost route.
japanese,thai,JPN,THA,36.2048,138.2529,15.87,100.9925,4315.175327166597,8.369893234712139,0.1926709346548418,0.5800636267232238,Asia,Eastern Asia,Japan,Asia,South-eastern Asia,Thailand,True,False,japanese__thai,0.3035875310262542,-0.1109165963714123,0.1109165963714123,158,True,True,True,True,False,False,same_region_cross_subregion,2.0,True,Exploratory proxy from coordinates + UN region/subregion + manually documented maritime exposure; not a true least-cost route.
british,moroccan,GBR,MAR,55.3781,-3.436,31.7917,-7.0926,2638.301311042608,7.877890546255319,0.2487668875445721,0.4197828709288299,Europe,Northern Europe,United Kingdom,Africa,Northern Africa,Morocco,False,False,british__moroccan,0.3605544315677101,-0.111787544023138,0.111787544023138,159,True,True,True,True,False,False,other_cross_region,0.8,False,Exploratory proxy from coordinates + UN region/subregion + manually documented maritime exposure; not a true least-cost route.
irish,moroccan,IRL,MAR,53.1424,-7.6921,31.7917,-7.0926,2374.5811182144025,7.772576329635353,0.2598045341584176,0.4029126213592233,Europe,Northern Europe,Ireland,Africa,Northern Africa,Morocco,False,False,irish__moroccan,0.3727483171796126,-0.112943783021195,0.112943783021195,160,True,True,True,True,False,False,other_cross_region,0.8,False,Exploratory proxy from coordinates + UN region/subregion + manually documented maritime exposure; not a true least-cost route.
filipino,japanese,PHL,JPN,12.8797,121.774,36.2048,138.2529,3072.298271067602,8.030181183000785,0.2298122859897007,0.4697833523375142,Asia,South-eastern Asia,Philippines,Asia,Eastern Asia,Japan,True,False,filipino__japanese,0.3429213458947741,-0.1131090599050733,0.1131090599050733,161,True,True,True,True,True,False,same_region_cross_subregion,2.0,True,Exploratory proxy from coordinates + UN region/subregion + manually documented maritime exposure; not a true least-cost route.
irish,vietnamese,IRL,VNM,53.1424,-7.6921,14.0583,108.2772,10392.811768566877,9.248869670057804,0.0878244927908046,0.302118171683389,Europe,Northern Europe,Ireland,Asia,South-eastern Asia,Viet Nam,False,False,irish__vietnamese,0.2018145847692449,-0.1139900919784403,0.1139900919784403,162,True,True,True,True,False,True,long_distance_maritime_proxy,1.3,False,Exploratory proxy from coordinates + UN region/subregion + manually documented maritime exposure; not a true least-cost route.
greek,korean,GRC,KOR,39.0742,21.8243,35.9078,127.7669,8744.459610485108,9.076175591430744,0.1070949100001214,0.3254769921436588,Europe,Southern Europe,Greece,Asia,Eastern Asia,Republic of Korea,False,False,greek__korean,0.2218100982736586,-0.1147151882735371,0.1147151882735371,163,True,True,True,False,False,True,long_distance_maritime_proxy,1.3,False,Exploratory proxy from coordinates + UN region/subregion + manually documented maritime exposure; not a true least-cost route.
irish,japanese,IRL,JPN,53.1424,-7.6921,36.2048,138.2529,9550.913529907815,9.164392086481852,0.0968496722129229,0.3600416233090531,Europe,Northern Europe,Ireland,Asia,Eastern Asia,Japan,False,False,irish__japanese,0.2115958851858099,-0.114746212972887,0.114746212972887,164,True,True,True,True,True,True,long_distance_maritime_proxy,1.3,False,Exploratory proxy from coordinates + UN region/subregion + manually documented maritime exposure; not a true least-cost route.
cajun_creole,japanese,USA,JPN,30.9843,-91.9623,36.2048,138.2529,10893.354448727903,9.295908198681666,0.0774479758629947,0.4308118081180812,Americas,Northern America,"Louisiana, United States",Asia,Eastern Asia,Japan,False,False,cajun_creole__japanese,0.1963681934291148,-0.11892021756612,0.11892021756612,165,True,True,True,False,True,True,long_distance_maritime_proxy,1.3,False,Exploratory proxy from coordinates + UN region/subregion + manually documented maritime exposure; not a true least-cost route.
british,japanese,GBR,JPN,55.3781,-3.436,36.2048,138.2529,9200.433836007263,9.127005918013063,0.0967821158963593,0.3978947368421052,Europe,Northern Europe,United Kingdom,Asia,Eastern Asia,Japan,False,False,british__japanese,0.2159246707610831,-0.1191425548647238,0.1191425548647238,166,True,True,True,True,True,True,long_distance_maritime_proxy,1.3,False,Exploratory proxy from coordinates + UN region/subregion + manually documented maritime exposure; not a true least-cost route.
italian,japanese,ITA,JPN,41.8719,12.5674,36.2048,138.2529,9728.71302899758,9.182836898086247,0.0895349156364223,0.46123727486296,Europe,Southern Europe,Italy,Asia,Eastern Asia,Japan,False,False,italian__japanese,0.2094602388309714,-0.1199253231945491,0.1199253231945491,167,True,True,True,False,True,True,long_distance_maritime_proxy,1.3,False,Exploratory proxy from coordinates + UN region/subregion + manually documented maritime exposure; not a true least-cost route.
british,chinese,GBR,CHN,55.3781,-3.436,35.8617,104.1954,7779.565696915975,8.959255792595762,0.1134653404764729,0.4084645669291338,Europe,Northern Europe,United Kingdom,Asia,Eastern Asia,China,False,False,british__chinese,0.2353477449325629,-0.12188240445609,0.12188240445609,168,True,True,True,True,False,True,long_distance_maritime_proxy,1.3,False,Exploratory proxy from coordinates + UN region/subregion + manually documented maritime exposure; not a true least-cost route.
british,korean,GBR,KOR,55.3781,-3.436,35.9078,127.7669,8857.792024661967,9.089052805393104,0.0964024722616257,0.3139393939393939,Europe,Northern Europe,United Kingdom,Asia,Eastern Asia,Republic of Korea,False,False,british__korean,0.2203191003904037,-0.1239166281287779,0.1239166281287779,169,True,True,True,True,False,True,long_distance_maritime_proxy,1.3,False,Exploratory proxy from coordinates + UN region/subregion + manually documented maritime exposure; not a true least-cost route.
japanese,mexican,JPN,MEX,36.2048,138.2529,23.6345,-102.5528,10798.150896959454,9.287130185209156,0.0725618669568567,0.462568951930654,Asia,Eastern Asia,Japan,Americas,Central America,Mexico,False,False,japanese__mexican,0.1973845623071151,-0.1248226953502584,0.1248226953502584,170,True,True,True,True,False,True,long_distance_maritime_proxy,1.3,False,Exploratory proxy from coordinates + UN region/subregion + manually documented maritime exposure; not a true least-cost route.
irish,thai,IRL,THA,53.1424,-7.6921,15.87,100.9925,9791.131073955936,9.189232262452284,0.0829458664110669,0.3183183183183183,Europe,Northern Europe,Ireland,Asia,South-eastern Asia,Thailand,False,False,irish__thai,0.2087197467679931,-0.1257738803569261,0.1257738803569261,171,True,True,True,True,False,True,long_distance_maritime_proxy,1.3,False,Exploratory proxy from coordinates + UN region/subregion + manually documented maritime exposure; not a true least-cost route.
greek,vietnamese,GRC,VNM,39.0742,21.8243,14.0583,108.2772,8726.627380257298,9.074134248905278,0.0947539017043671,0.3437826541274817,Europe,Southern Europe,Greece,Asia,South-eastern Asia,Viet Nam,False,False,greek__vietnamese,0.2220464566500406,-0.1272925549456735,0.1272925549456735,172,True,True,True,False,False,True,long_distance_maritime_proxy,1.3,False,Exploratory proxy from coordinates + UN region/subregion + manually documented maritime exposure; not a true least-cost route.
greek,irish,GRC,IRL,39.0742,21.8243,53.1424,-7.6921,2730.2748352699355,7.912157555371943,0.2242423843935956,0.4083239595050618,Europe,Southern Europe,Greece,Europe,Northern Europe,Ireland,True,False,greek__irish,0.3565868001990226,-0.132344415805427,0.132344415805427,173,True,True,True,False,True,False,same_region_cross_subregion,2.0,False,Exploratory proxy from coordinates + UN region/subregion + manually documented maritime exposure; not a true least-cost route.
british,vietnamese,GBR,VNM,55.3781,-3.436,14.0583,108.2772,10033.08070190303,9.213642982539533,0.0724361553061048,0.3181818181818182,Europe,Northern Europe,United Kingdom,Asia,South-eastern Asia,Viet Nam,False,False,british__vietnamese,0.2058933332219263,-0.1334571779158215,0.1334571779158215,174,True,True,True,True,False,True,long_distance_maritime_proxy,1.3,False,Exploratory proxy from coordinates + UN region/subregion + manually documented maritime exposure; not a true least-cost route.
greek,thai,GRC,THA,39.0742,21.8243,15.87,100.9925,7981.368155214701,8.984865123770215,0.0980559092100554,0.3932038834951456,Europe,Southern Europe,Greece,Asia,South-eastern Asia,Thailand,False,False,greek__thai,0.2323825493021811,-0.1343266400921257,0.1343266400921257,175,True,True,True,False,False,True,long_distance_maritime_proxy,1.3,False,Exploratory proxy from coordinates + UN region/subregion + manually documented maritime exposure; not a true least-cost route.
british,thai,GBR,THA,55.3781,-3.436,15.87,100.9925,9440.68872328756,9.15278421445362,0.0736348422401951,0.338,Europe,Northern Europe,United Kingdom,Asia,South-eastern Asia,Thailand,False,False,british__thai,0.2129399113605536,-0.1393050691203585,0.1393050691203585,176,True,True,True,True,False,True,long_distance_maritime_proxy,1.3,False,Exploratory proxy from coordinates + UN region/subregion + manually documented maritime exposure; not a true least-cost route.
chinese,greek,CHN,GRC,35.8617,104.1954,39.0742,21.8243,7013.870829199689,8.85564501439135,0.1077340665272341,0.4108956602031394,Asia,Eastern Asia,China,Europe,Southern Europe,Greece,False,False,chinese__greek,0.2473443966490538,-0.1396103301218196,0.1396103301218196,177,True,True,True,False,False,True,long_distance_maritime_proxy,1.3,False,Exploratory proxy from coordinates + UN region/subregion + manually documented maritime exposure; not a true least-cost route.
british,greek,GBR,GRC,55.3781,-3.436,39.0742,21.8243,2604.290853572711,7.864915692011443,0.2165904511739143,0.4113082039911308,Europe,Northern Europe,United Kingdom,Europe,Southern Europe,Greece,True,False,british__greek,0.3620567348042415,-0.1454662836303271,0.1454662836303271,178,True,True,True,True,False,False,same_region_cross_subregion,2.0,False,Exploratory proxy from coordinates + UN region/subregion + manually documented maritime exposure; not a true least-cost route.
greek,japanese,GRC,JPN,39.0742,21.8243,36.2048,138.2529,9410.968856027186,9.149631187537318,0.0672636381356833,0.3929618768328445,Europe,Southern Europe,Greece,Asia,Eastern Asia,Japan,False,False,greek__japanese,0.2133049869484713,-0.146041348812788,0.146041348812788,179,True,True,True,False,True,True,long_distance_maritime_proxy,1.3,False,Exploratory proxy from coordinates + UN region/subregion + manually documented maritime exposure; not a true least-cost route.
indian,korean,IND,KOR,20.5937,78.9629,35.9078,127.7669,5016.713772569964,8.520530371345883,0.1238651878542638,0.3727748691099476,Asia,Southern Asia,India,Asia,Eastern Asia,Republic of Korea,True,False,indian__korean,0.2861458971047409,-0.162280709250477,0.162280709250477,180,False,True,False,False,False,True,same_region_cross_subregion,2.0,False,Exploratory proxy from coordinates + UN region/subregion + manually documented maritime exposure; not a true least-cost route.
mexican,southern_us,MEX,USA,23.6345,-102.5528,33.0,-86.0,1922.2104261196,7.561231066430035,0.2181415704990132,0.7384,Americas,Central America,Mexico,Americas,Northern America,Southern United States,True,False,mexican__southern_us,0.3972190870989559,-0.1790775165999427,0.1790775165999427,181,True,True,True,False,False,False,same_region_cross_subregion,2.0,False,Exploratory proxy from coordinates + UN region/subregion + manually documented maritime exposure; not a true least-cost route.
russian,vietnamese,RUS,VNM,61.524,105.3188,14.0583,108.2772,5283.279686903937,8.572302336687457,0.0994571790442029,0.3285543608124253,Europe,Eastern Europe,Russian Federation,Asia,South-eastern Asia,Viet Nam,False,False,russian__vietnamese,0.2801514412417055,-0.1806942621975026,0.1806942621975026,182,False,True,False,False,False,True,long_distance_cross_region,0.4,False,Exploratory proxy from coordinates + UN region/subregion + manually documented maritime exposure; not a true least-cost route.
russian,thai,RUS,THA,61.524,105.3188,15.87,100.9925,5088.131736774226,8.534665996346376,0.0955109225620981,0.3176593521421108,Europe,Eastern Europe,Russian Federation,Asia,South-eastern Asia,Thailand,False,False,russian__thai,0.2845091931549715,-0.1889982705928733,0.1889982705928733,183,False,True,False,False,False,True,long_distance_cross_region,0.4,False,Exploratory proxy from coordinates + UN region/subregion + manually documented maritime exposure; not a true least-cost route.
indian,vietnamese,IND,VNM,20.5937,78.9629,14.0583,108.2772,3190.294441329083,8.067868492876462,0.1316732292917946,0.4597938144329896,Asia,Southern Asia,India,Asia,South-eastern Asia,Viet Nam,True,False,indian__vietnamese,0.3385576924356911,-0.2068844631438964,0.2068844631438964,184,False,True,False,False,False,False,same_region_cross_subregion,2.0,False,Exploratory proxy from coordinates + UN region/subregion + manually documented maritime exposure; not a true least-cost route.
korean,russian,KOR,RUS,35.9078,127.7669,61.524,105.3188,3253.086233899325,8.087359435159597,0.127539467920265,0.3232588699080158,Asia,Eastern Asia,Republic of Korea,Europe,Eastern Europe,Russian Federation,False,False,korean__russian,0.3363009190550716,-0.2087614511348066,0.2087614511348066,185,True,False,False,False,False,False,other_cross_region,0.8,False,Exploratory proxy from coordinates + UN region/subregion + manually documented maritime exposure; not a true least-cost route.
chinese,indian,CHN,IND,35.8617,104.1954,20.5937,78.9629,2983.798984713126,8.000952594682294,0.1364939800453868,0.5394614670380687,Asia,Eastern Asia,China,Asia,Southern Asia,India,True,False,chinese__indian,0.3463055999299078,-0.209811619884521,0.209811619884521,186,True,False,False,False,False,False,same_region_cross_subregion,2.0,False,Exploratory proxy from coordinates + UN region/subregion + manually documented maritime exposure; not a true least-cost route.
indian,thai,IND,THA,20.5937,78.9629,15.87,100.9925,2382.921063305812,7.776082351625975,0.1617320439866134,0.56187624750499,Asia,Southern Asia,India,Asia,South-eastern Asia,Thailand,True,False,indian__thai,0.3723423697920843,-0.2106103258054709,0.2106103258054709,187,False,True,False,False,False,False,same_region_cross_subregion,2.0,False,Exploratory proxy from coordinates + UN region/subregion + manually documented maritime exposure; not a true least-cost route.
japanese,russian,JPN,RUS,36.2048,138.2529,61.524,105.3188,3628.9803507715815,8.19670699269623,0.1109678098882453,0.3807947019867549,Asia,Eastern Asia,Japan,Europe,Eastern Europe,Russian Federation,False,False,japanese__russian,0.3236400300380246,-0.2126722201497793,0.2126722201497793,188,True,False,False,True,False,False,other_cross_region,0.8,False,Exploratory proxy from coordinates + UN region/subregion + manually documented maritime exposure; not a true least-cost route.
chinese,russian,CHN,RUS,35.8617,104.1954,61.524,105.3188,2854.6139566255665,7.956691896354026,0.1322497079188158,0.3802242609582059,Asia,Eastern Asia,China,Europe,Eastern Europe,Russian Federation,False,False,chinese__russian,0.351430358104442,-0.2191806501856262,0.2191806501856262,189,True,False,False,False,False,False,other_cross_region,0.8,False,Exploratory proxy from coordinates + UN region/subregion + manually documented maritime exposure; not a true least-cost route.
cajun_creole,mexican,USA,MEX,30.9843,-91.9623,23.6345,-102.5528,1326.429877420611,7.190246309323823,0.2077277498754711,0.6206896551724138,Americas,Northern America,"Louisiana, United States",Americas,Central America,Mexico,True,False,cajun_creole__mexican,0.4401738356324501,-0.232446085756979,0.232446085756979,190,True,True,True,False,False,False,same_region_cross_subregion,2.0,False,Exploratory proxy from coordinates + UN region/subregion + manually documented maritime exposure; not a true least-cost route.
