id,city,country,lat,lon,works,dist_km,population,log_works
1012619903,Skikda,Algeria,36.8667,6.9,28,870.8927132962976,163318.0,3.367295829986474
1012782547,Jijel,Algeria,36.8206,5.7667,9,836.3292294567138,131513.0,2.302585092994046
1012973369,Algiers,Algeria,36.7764,3.0586,25,713.2404237921153,3415811.0,3.258096538021482
1036142029,Canberra,Australia,-35.2931,149.1269,23,1.617202273208218,426704.0,3.1780538303479458
1050529279,Dhaka,Bangladesh,23.7289,90.3944,70,1196.4898149518144,15443000.0,4.2626798770413155
1050667339,Khulna,Bangladesh,22.8167,89.55,56,1094.2700460289627,1311100.0,4.04305126783455
1056062897,Gent,Belgium,51.0536,3.7253,24,67.69305474892164,262219.0,3.2188758248682006
1100762037,Sofia,Bulgaria,42.6979,23.3217,128,1074.178571762411,1355142.0,4.859812404361672
1100789115,Varna,Bulgaria,43.2114,27.9111,13,1126.9923863208746,369162.0,2.6390573296152584
1104616656,Rangoon,Myanmar,16.8,96.15,1,1768.8506274853155,5430000.0,0.6931471805599453
1124080626,Kelowna,Canada,49.8881,-119.4956,85,296.39579796248,142146.0,4.454347296253507
1124261024,Windsor,Canada,42.2833,-83.0,54,230.312866931198,276165.0,4.007333185232471
1124279679,Toronto,Canada,43.7417,-79.3733,251,9.846628418692964,5429524.0,5.529429087511423
1124586170,Montréal,Canada,45.5089,-73.5617,162,0.8962644039241975,3519595.0,5.093750200806762
1124823933,Quebec City,Canada,46.8139,-71.2081,5,0.7599340952281205,705103.0,1.791759469228055
1144251314,Colombo,Sri Lanka,6.9167,79.8333,35,675.4222347999871,752993.0,3.58351893845611
1144324309,Moratuwa,Sri Lanka,6.7804,79.88,97,690.3083403066123,200000.0,4.584967478670572
1152858037,Las Condes,Chile,-33.4167,-70.5833,1,6.657750247648373,249893.0,0.6931471805599453
1156038165,Jingdezhen,China,29.2942,117.2036,63,668.4035973350005,1587477.0,4.1588830833596715
1156051276,Ürümqi,China,43.8225,87.6125,443,1705.7630533555507,3112559.0,6.095824562432225
1156072884,Zhangjiajie,China,29.1255,110.4844,64,845.6155945048856,1549200.0,4.174387269895637
1156073548,Shanghai,China,31.1667,121.4667,170,793.7047997479217,22120000.0,5.14166355650266
1156157151,Jinzhou,China,41.1144,121.1292,40,422.4072685120343,3000000.0,3.713572066704308
1156158707,Shenzhen,China,22.535,114.054,978,30.55095949533688,15929000.0,6.88653164253051
1156180376,Quzhou,China,28.9545,118.8763,149,567.3104172938154,2185000.0,5.0106352940962555
1156203130,Leshan,China,29.5854,103.7575,23,882.7973162030887,3364000.0,3.1780538303479458
1156210167,Hohhot,China,40.8151,111.6629,192,413.12094160483446,2635000.0,5.262690188904886
1156228865,Beijing,China,39.905,116.3914,3387,0.1357391268713632,19433000.0,8.127995055771946
1156234290,Huangshi,China,30.2018,115.0326,50,872.3340932888673,2471700.0,3.9318256327243257
1156237133,Guangzhou,China,23.1288,113.259,236,132.35325701532778,20902000.0,5.4680601411351315
1156238875,Anqing,China,30.5,117.0333,63,794.0247986538449,4723000.0,4.1588830833596715
1156244079,Xi’an,China,34.2667,108.9,37,429.7868913815948,7135000.0,3.6375861597263857
1156275243,Hangzhou,China,30.25,120.1675,555,687.5770015005234,6446000.0,6.320768294250582
1156280566,Lanzhou,China,36.0617,103.8318,4,235.1383647308956,3616163.0,1.6094379124341003
1156310366,Shaoyang,China,27.2418,111.4725,29,614.9800081116546,7302400.0,3.4011973816621555
1156332710,Hefei,China,31.8639,117.2808,13,897.834383748159,7457027.0,2.6390573296152584
1156421555,Chengdu,China,30.66,104.0633,11,759.7609273621555,11309000.0,2.4849066497880004
1156605439,Nanning,China,22.8192,108.315,46,603.4881263247051,7153300.0,3.8501476017100584
1156796454,Zaozhuang,China,34.8667,117.55,26,569.6277355392025,3650000.0,3.295836866004329
1156932620,Guiyang,China,26.5794,106.7078,37,893.1373507045772,4365000.0,3.6375861597263857
1156936556,Chongqing,China,29.5628,106.5528,34,863.1441282371431,7739000.0,3.5553480614894135
1156961497,Changsha,China,28.1987,112.9709,76,669.0174578811582,8394500.0,4.343805421853684
1156972469,Jinan,China,36.6667,116.9833,271,363.9026895134358,7967400.0,5.605802066295998
1158126203,Bade,Taiwan,24.9575,121.2989,106,124.26791799729718,172065.0,4.672828834461906
1158127875,Taoyuan District,Taiwan,24.9889,121.3111,3,127.78076170805411,443273.0,1.3862943611198906
1158209038,Pingtung,Taiwan,22.6761,120.4942,14,155.69836200805085,503530.0,2.70805020110221
1158276420,Hsinchu,Taiwan,24.8047,120.9714,4,91.87581788438568,445635.0,1.6094379124341003
1158439005,Changhua,Taiwan,24.0667,120.5333,3,1.5024486983089431,750000.0,1.3862943611198906
1158689622,Taichung,Taiwan,24.15,120.6667,15,14.913262987450103,2803894.0,2.772588722239781
1158732750,Douliu,Taiwan,23.7075,120.5439,79,40.92724679083501,106653.0,4.382026634673881
1158881289,Taipei,Taiwan,25.0478,121.5319,225,147.17116413563278,2684567.0,5.420534999272286
1191233290,Zagreb,Croatia,45.8,15.95,4,526.8154727736529,790017.0,1.6094379124341003
1196944155,Nicosia,Cyprus,35.1725,33.365,6,428.2184079843789,330000.0,1.9459101490553132
1203402469,Plzeň,Czechia,49.7414,13.3825,74,338.91540242625393,175219.0,4.31748811353631
1203582141,Zlín,Czechia,49.2331,17.6669,9,407.88171621064055,74478.0,2.302585092994046
1203676514,Brno,Czechia,49.1953,16.6083,101,458.0057942084911,382405.0,4.624972813284271
1203687206,Ostrava,Czechia,49.8356,18.2925,128,327.09590468930134,284982.0,4.859812404361672
1203744823,Prague,Czechia,50.0833,14.4167,381,408.9600634871976,1335084.0,5.945420608606575
1208763942,Copenhagen,Denmark,55.6761,12.5689,113,378.21037586940287,602481.0,4.736198448394496
1233260021,Tallinn,Estonia,59.4372,24.745,21,185.1351192350481,438341.0,3.091042453358316
1233809410,Tartu,Estonia,58.38,26.7225,143,244.8090978796084,91407.0,4.969813299576001
1242615095,Suva,Fiji,-18.1333,178.4333,16,3217.722775180518,88271.0,2.833213344056216
1246177997,Helsinki,Finland,60.1756,24.9342,0,131.38648352069325,642045.0,0.0
1246357316,Espoo,Finland,60.21,24.66,12,144.51149929630537,269802.0,2.5649493574615367
1246456609,Turku,Finland,60.4517,22.27,3,265.56216211889523,187604.0,1.3862943611198906
1246964318,Tampere,Finland,61.4981,23.7608,8,211.48547102755896,225118.0,2.1972245773362196
1250000540,Saint-Étienne,France,45.4347,4.3903,30,160.54443076945063,172565.0,3.4339872044851463
1250001272,Caen,France,49.18,-0.37,49,198.19378256484023,105354.0,3.912023005428146
1250001687,Aix-en-Provence,France,43.5263,5.4454,49,263.4302176565089,142482.0,3.912023005428146
1250015082,Paris,France,48.8566,2.3522,504,2.3664441763721618,11020000.0,6.22455842927536
1250071647,Grenoble,France,45.1715,5.7224,340,119.41166588710348,687985.0,5.831882477283517
1250071961,Lille,France,50.6278,3.0583,73,57.4016845045592,232787.0,4.30406509320417
1250091495,Nantes,France,47.2181,-1.5528,82,313.0840290413206,633690.0,4.418840607796598
1250143827,Versailles,France,48.8053,2.135,98,14.79717089631348,85862.0,4.59511985013459
1250182208,Noisy-le-Grand,France,48.8478,2.5528,45,17.07441355672508,68183.0,3.828641396489095
1250196189,Lyon,France,45.76,4.84,94,112.16117302177666,516092.0,4.553876891600541
1250213494,Antibes,France,43.5808,7.1239,6,265.8350396319162,72999.0,1.9459101490553132
1250258110,Toulouse,France,43.6045,1.444,623,65.71113262532357,968638.0,6.436150368369428
1250292604,Pessac,France,44.8067,-0.6311,56,249.6044194325377,63808.0,4.04305126783455
1250372069,Rouen,France,49.4428,1.0886,46,110.61847926660752,494382.0,3.8501476017100584
1250449238,Bordeaux,France,44.84,-0.58,222,247.5405603179188,257804.0,5.407171771460119
1250487828,Cannes,France,43.5513,7.0128,43,273.91398047972643,73868.0,3.784189633918261
1250553439,Cergy,France,49.0361,2.0631,11,27.20955199578466,65177.0,2.4849066497880004
1250570123,Antony,France,48.7539,2.2975,20,11.790469982752954,62570.0,3.044522437723423
1250579473,Courcouronnes,France,48.6239,2.4294,73,27.33253102754481,67967.0,4.30406509320417
1250608730,Reims,France,49.2628,4.0347,6,132.66018897422805,182460.0,1.9459101490553132
1250623782,La Rochelle,France,46.1591,-1.1517,94,271.9948416220721,75735.0,4.553876891600541
1250637012,Villejuif,France,48.7919,2.3636,32,8.102763118396348,54753.0,3.4965075614664802
1250645342,Avignon,France,43.95,4.8075,142,209.5540946809305,93671.0,4.962844630259907
1250774071,Marseille,France,43.2964,5.37,76,262.5248629855509,870018.0,4.343805421853684
1250774553,Nice,France,43.7034,7.2663,24,248.0475443319453,1006402.0,3.2188758248682006
1250819356,Montpellier,France,43.6119,3.8772,53,137.25130550148285,607896.0,3.9889840465642745
1250827686,Meaux,France,48.9603,2.8883,37,43.0335388840524,54991.0,3.6375861597263857
1250886409,Nanterre,France,48.8988,2.1969,76,10.03917093600411,95105.0,4.343805421853684
1250904959,Épinay-sur-Seine,France,48.9553,2.3092,220,10.74959146128946,55084.0,5.3981627015177525
1250925250,Nancy,France,48.6936,6.1846,195,224.355194302312,434565.0,5.278114659230517
1250935115,Saint-Denis,France,48.9356,2.3539,36,8.88165811508896,111135.0,3.6109179126442243
1276053525,Weimar,Germany,50.9833,11.3167,52,209.8948793252869,65090.0,3.970291913552122
1276112885,Bielefeld,Germany,52.0167,8.5333,101,118.96805332492626,333786.0,4.624972813284271
1276150104,Mannheim,Germany,49.4878,8.4661,138,70.97094154922955,309370.0,4.9344739331306915
1276171358,Stuttgart,Germany,48.7761,9.1775,309,152.6551725357814,634830.0,5.736572297479192
1276203240,Tübingen,Germany,48.52,9.0556,23,124.29998036457768,90546.0,3.1780538303479458
1276244190,Hildesheim,Germany,52.15,9.95,34,128.48738572410778,101990.0,3.5553480614894135
1276395100,Potsdam,Germany,52.4,13.0667,247,296.396798057581,182219.0,5.5134287461649825
1276419711,Saarbrücken,Germany,49.2333,7.0,318,155.45796607702212,180741.0,5.765191102784844
1276451290,Berlin,Germany,52.5167,13.3833,230,313.8417953782674,3644826.0,5.442417710521793
1276457707,Hannover,Germany,52.3744,9.7386,104,99.93024599071283,538068.0,4.653960350157523
1276485277,Landshut,Germany,48.5397,12.1508,60,292.9638458853111,72404.0,4.110873864173311
1276563678,Leipzig,Germany,51.3333,12.3833,374,293.8213608756016,593197.0,5.926926025970411
1276659978,Jena,Germany,50.9272,11.5864,19,224.47880458685347,111407.0,2.995732273553991
1276674534,Kaiserslautern,Germany,49.4447,7.7689,216,98.90747578447272,100030.0,5.37989735354046
1276941443,Braunschweig,Germany,52.2692,10.5211,7,146.1716882771086,248292.0,2.0794415416798357
1300051191,Xánthi,Greece,41.1333,24.8833,60,1268.5728305902885,56122.0,4.110873864173311
1300201099,Pátra,Greece,38.25,21.7333,91,1309.93803554974,167446.0,4.5217885770490405
1300233408,Chaniá,Greece,35.5173,24.0195,20,1098.019445928087,78728.0,3.044522437723423
1300317204,Ioánnina,Greece,39.6636,20.8522,41,1150.7020379194762,65574.0,3.7376696182833684
1300397999,Thessaloníki,Greece,40.6403,22.9356,67,1236.8293794868475,315196.0,4.219507705176107
1300443208,Chalándri,Greece,38.0167,23.8,39,1240.1843456933084,74192.0,3.6888794541139363
1344982653,Hong Kong,Hong Kong,22.305,114.185,493,3.655070106460369,7347000.0,6.202535517187923
1348279762,Veszprém,Hungary,47.1,17.9167,0,612.3064219091934,59738.0,0.0
1348460698,Debrecen,Hungary,47.53,21.6392,0,524.7891944818979,201432.0,0.0
1348507878,Győr,Hungary,47.6842,17.6344,14,560.1341363229888,132034.0,2.70805020110221
1348611435,Budapest,Hungary,47.4983,19.0408,177,544.8387247732081,1752286.0,5.181783550292085
1356060520,Kolkāta,India,22.5411,88.3378,180,966.9309702254758,17560000.0,5.198497031265826
1356081074,Pune,India,18.5196,73.8553,236,9.723266853164484,7764000.0,5.4680601411351315
1356102365,Hubli,India,15.36,75.125,51,380.52599583569867,890000.0,3.9512437185814275
1356106153,Dindigul,India,10.35,77.95,31,379.1604381738365,207327.0,3.4657359027997265
1356140143,Bhubaneshwar,India,20.2644,85.8281,143,707.7398307353358,837737.0,4.969813299576001
1356187395,Āgra,India,27.18,78.02,24,181.46281062605868,1585705.0,3.2188758248682006
1356293537,Jaipur,India,26.9167,75.8667,132,234.5044436222932,3073350.0,4.890349128221754
1356410365,Bangalore,India,12.9699,77.598,206,277.999329790164,13707000.0,5.332718793265369
1356458416,Patiāla,India,30.3204,76.385,53,202.4601752577531,329224.0,3.9889840465642745
1356506985,Bodhan,India,18.67,77.9,12,157.74681397831532,77573.0,2.5649493574615367
1356739179,Chandīgarh,India,30.7353,76.7911,11,235.39128976668388,1026459.0,2.4849066497880004
1356772339,Sambalpur,India,21.4704,83.9701,22,506.9234394678626,310852.0,3.1354942159291497
1356779437,Secunderābād,India,17.45,78.5,164,10.31596772860979,213698.0,5.10594547390058
1356820491,Bilāspur,India,22.15,82.0167,59,322.501532947342,331030.0,4.0943445622221
1356821429,Patna,India,25.61,85.1414,138,792.2059358334106,1684222.0,4.9344739331306915
1356871768,Hyderābād,India,17.3667,78.4667,126,1.0354096038060696,9746000.0,4.844187086458591
1356872604,Delhi,India,28.66,77.23,409,1.2111279159787238,29617000.0,6.016157159698354
1356977661,Vellore,India,12.9204,79.15,32,110.05483371347556,177081.0,3.4965075614664802
1356999503,Coimbatore,India,11.0,76.9667,364,411.6760378949709,959823.0,5.8998973535824915
1364073420,Qazvīn,Iran,36.2688,50.0041,16,1125.7152178134104,381598.0,2.833213344056216
1364305026,Tehran,Iran,35.7,51.4167,198,1064.658082052067,13633000.0,5.293304824724492
1372499968,Galway,Ireland,53.2729,-9.0418,125,184.9774880374826,79504.0,4.836281906951478
1372595407,Dublin,Ireland,53.3497,-6.2603,179,0.0073893931582779,1173179.0,5.19295685089021
1376261644,Jerusalem,Israel,31.7833,35.2167,21,43.38341140594935,919438.0,3.091042453358316
1376401542,Tel Aviv-Yafo,Israel,32.08,34.78,199,61.55994142940244,451523.0,5.298317366548036
1376739486,Givatayim,Israel,32.0697,34.8117,207,60.09191844351017,59518.0,5.337538079701318
1380310225,Pisa,Italy,43.7167,10.4,68,216.65815143188075,90118.0,4.23410650459726
1380522093,Modica,Italy,36.8672,14.7614,60,1062.986924954159,54530.0,4.110873864173311
1380597324,Ancona,Italy,43.6167,13.5167,0,399.67955508893374,100924.0,0.0
1380716540,Genoa,Italy,44.4072,8.934,83,119.24245840603982,580097.0,4.430816798843313
1380724377,Milan,Italy,45.4669,9.19,0,0.3022069997588946,1366180.0,0.0
1380732659,Cosenza,Italy,39.3,16.25,33,897.0945598978234,67239.0,3.5263605246161616
1380953307,Trento,Italy,46.0667,11.1167,348,163.80212440558088,117997.0,5.855071922202427
1392129541,Kitaku,Japan,33.8704,130.82,106,216.16524910709472,997536.0,4.672828834461906
1392291253,Izuo,Japan,34.4836,135.4236,20,16.340612522425527,184299.0,3.044522437723423
1392299085,Koja,Japan,26.3344,127.8057,12,772.3537055436609,58658.0,2.5649493574615367
1392346493,Chigasaki,Japan,35.3339,139.4047,8,50.36439442998658,242347.0,2.1972245773362196
1392373695,Hiroshima,Japan,34.4,132.45,11,279.6413656946466,1306589.0,2.4849066497880004
1392390581,Ikoma,Japan,34.6919,135.7006,189,18.140321570955106,116174.0,5.247024072160486
1392512633,Yotsukaidō,Japan,35.67,140.1683,26,35.99479557166495,93233.0,3.295836866004329
1392622735,Kyōto,Japan,35.0111,135.7669,42,42.74867442868824,1805000.0,3.7612001156935624
1392675180,Tamuramachi-moriyama,Japan,37.3252,140.4134,59,191.74650994180345,340560.0,4.0943445622221
1392685764,Tokyo,Japan,35.6897,139.6922,778,6.121869536211257,37977000.0,6.658011045870748
1392772700,Niiza,Japan,35.7933,139.5653,26,21.399710568628123,164653.0,3.295836866004329
1392795984,Tokushima,Japan,34.0667,134.55,50,106.00527601870536,254510.0,3.9318256327243257
1392840575,Shirayamamachi,Japan,36.5144,136.5656,134,224.0959603481828,110135.0,4.90527477843843
1392918777,Habikino,Japan,34.5578,135.6061,3,12.645637980789614,108373.0,1.3862943611198906
1392981957,Morioka,Japan,39.6833,141.15,22,461.3371012910364,290553.0,3.1354942159291497
1392993634,Neya,Japan,34.7661,135.6281,3,14.02952226294792,227997.0,1.3862943611198906
1400522593,Amman,Jordan,31.95,35.9333,33,111.08237976386488,4007526.0,3.5263605246161616
1410622472,Sŏngnam,"Korea, South",37.4386,127.1378,97,20.020415195959323,948757.0,4.584967478670572
1410679777,Suwon,"Korea, South",37.2858,127.01,36,31.340107250330885,1234300.0,3.6109179126442243
1410836482,Seoul,"Korea, South",37.56,126.99,10,1.2714734344175118,21794000.0,2.3978952727983707
1410993875,Daejeon,"Korea, South",36.351,127.385,35,139.91142902725616,1475221.0,3.58351893845611
1440302852,Kaunas,Lithuania,54.9,23.9333,37,354.0023262970175,288466.0,3.6375861597263857
1446227359,Macau,Macau,22.203,113.545,146,64.15045817951778,568700.0,4.990432586778736
1484247881,Mexico City,Mexico,19.4333,-99.1333,426,1111.9474895378507,20996000.0,6.056784013228625
1484273506,Temixco,Mexico,18.85,-99.2333,20,1177.3083316255197,116143.0,3.044522437723423
1484416394,Puebla,Mexico,19.0333,-98.1833,49,1155.0275706628163,1576259.0,3.912023005428146
1484708778,Tijuana,Mexico,32.525,-117.0333,119,203.78981012713515,2384609.0,4.787491742782046
1496024767,Ulaanbaatar,Mongolia,47.9203,106.9172,22,1168.7025306455855,1396288.0,3.1354942159291497
1504023252,Rabat,Morocco,34.0253,-6.8361,25,762.7539185945818,572717.0,3.258096538021482
1528012745,Oosterhout,Netherlands,51.6431,4.8569,95,80.51482557600606,55616.0,4.564348191467836
1528355309,Amsterdam,Netherlands,52.3667,4.8833,602,1.133868733382568,862965.0,6.401917196727186
1528799905,The Hague,Netherlands,52.0767,4.2986,4,52.1352545451881,1406000.0,1.6094379124341003
1528862562,Arnhem,Netherlands,51.9833,5.9167,62,81.38721324249481,148070.0,4.143134726391533
1528992603,Leeuwarden,Netherlands,53.2,5.7833,11,76.03884379515002,124084.0,2.4849066497880004
1578324706,Oslo,Norway,59.9111,10.7528,1,0.3093389988250132,693494.0,0.6931471805599453
1586001546,Mardan,Pakistan,34.1958,72.0447,105,787.9874259650096,300424.0,4.663439094112067
1586801463,Lahore,Pakistan,31.5497,74.3436,144,424.82224382952353,11021000.0,4.976733742420574
1608794590,Mandaue City,Philippines,10.3333,123.9333,0,1569.6409172998176,362654.0,0.0
1616024847,Warsaw,Poland,52.2167,21.0333,299,2.4809719988275645,1790658.0,5.703782474656201
1616108520,Wrocław,Poland,51.11,17.0325,141,301.0700653430624,638586.0,4.955827057601261
1616879570,Rzeszów,Poland,50.05,22.0,8,252.31811426606535,182548.0,2.1972245773362196
1616881632,Częstochowa,Poland,50.8096,19.1222,54,204.962227771976,228179.0,4.007333185232471
1620174557,Setúbal,Portugal,38.5243,-8.8926,0,492.5044063972096,121185.0,0.0
1620619017,Lisbon,Portugal,38.7452,-9.1604,153,503.1210106579502,506654.0,5.0369526024136295
1634459660,Doha,Qatar,25.3,51.5333,20,138.0293434458588,1312947.0,3.044522437723423
1642367695,Iaşi,Romania,47.1622,27.5889,72,735.5394807618392,290422.0,4.290459441148391
1642414442,Bucharest,Romania,44.4,26.0833,233,947.7580512974948,1883425.0,5.455321115357702
1642603121,Timişoara,Romania,45.7597,21.23,35,719.8666085112422,319279.0,3.58351893845611
1642781938,Piteşti,Romania,44.8667,24.8833,6,866.9436460671307,155383.0,1.9459101490553132
1642996909,Arad,Romania,46.1667,21.3167,7,674.8010504038491,159074.0,2.0794415416798357
1643175363,Khabarovsk,Russia,48.4833,135.0667,28,1378.6711268329084,616242.0,3.367295829986474
1643223486,Zelënodol’sk,Russia,55.85,48.5167,53,1347.4376400986853,99491.0,3.9889840465642745
1643318494,Moscow,Russia,55.7558,37.6178,605,811.1815233905662,17125000.0,6.406879986069314
1643395657,Serpukhov,Russia,54.9167,37.4,15,871.2394295051213,125817.0,2.772588722239781
1688374696,Belgrade,Serbia,44.8167,20.4667,38,825.4922908889946,1378682.0,3.6635616461296463
1688661068,Niš,Serbia,43.3192,21.8961,104,993.2599067856046,183164.0,4.653960350157523
1702341327,Singapore,Singapore,1.3,103.8,1072,4.126890876153578,5745000.0,6.9782137426306985
1703195001,Bratislava,Slovakia,48.1447,17.1128,38,532.1824197545054,429564.0,3.6635616461296463
1703890031,Nitra,Slovakia,48.3147,18.0875,38,482.3643142537664,77374.0,3.6635616461296463
1704413791,Hanoi,Vietnam,21.0245,105.8412,226,871.1523999965242,7785000.0,5.424950017481403
1704774326,Ho Chi Minh City,Vietnam,10.8167,106.6333,373,1096.802563487372,13312000.0,5.924255797414532
1705917455,Ljubljana,Slovenia,46.05,14.5167,351,418.29807201260144,286745.0,5.863631175598097
1724196400,San Cugat del Vallés,Spain,41.4735,2.0852,85,262.6912319783807,92977.0,4.454347296253507
1724417375,A Coruña,Spain,43.3713,-8.4188,87,510.0055614207899,370610.0,4.477336814478207
1724422840,San Sebastián de los Reyes,Spain,40.5469,-3.6258,79,15.901670551480562,91224.0,4.382026634673881
1724451934,San Vicente de Baracaldo,Spain,43.2972,-2.9917,268,325.67409109333965,101486.0,5.594711379601839
1724547778,Santiago de Compostela,Spain,42.8778,-8.5444,25,486.3642991808372,92430.0,3.258096538021482
1724594040,Barcelona,Spain,41.3825,2.1769,680,272.6553954478621,4588000.0,6.523562306149512
1724616994,Madrid,Spain,40.4167,-3.7167,150,1.1105053862348992,6026000.0,5.017279836814924
1724923163,Alicante,Spain,38.3453,-0.4831,78,360.0454757840709,337482.0,4.3694478524670215
1724981666,Valencia,Spain,39.47,-0.3764,172,302.52501166423,800215.0,5.153291594497779
1728444337,Juba,South Sudan,4.85,31.6,105,2986.352325575703,372410.0,4.663439094112067
1752263370,Växjö,Sweden,56.8837,14.8167,0,331.965798183271,59600.0,0.0
1752392511,Halmstad,Sweden,56.6754,12.8587,41,380.51215459068857,55657.0,3.7376696182833684
1756055099,Lausanne,Switzerland,46.5333,6.6333,224,52.457882398161786,138905.0,5.41610040220442
1756362130,Winterthur,Switzerland,47.4992,8.7267,48,13.287608511407212,109775.0,3.8918202981106265
1756503816,Lugano,Switzerland,46.0103,8.9625,103,63.23099548075032,63185.0,4.6443908991413725
1756539143,Zürich,Switzerland,47.3786,8.54,25,0.4682055063917747,434008.0,3.258096538021482
1764039814,Ban Talat Rangsit,Thailand,13.987,100.6095,59,1446.5457088114724,79319.0,4.0943445622221
1764662886,Chiang Mai,Thailand,18.7889,98.9833,22,1626.7038418169989,132634.0,3.1354942159291497
1784176710,Abu Dhabi,United Arab Emirates,24.4781,54.3686,296,1.2862265617254176,1000000.0,5.6937321388027
1788608864,Manouba,Tunisia,36.8,10.1,53,966.409160195594,58792.0,3.9889840465642745
1788741658,Sfax,Tunisia,34.74,10.76,157,1199.8660731645236,272801.0,5.062595033026967
1788939893,Le Bardo,Tunisia,36.8092,10.1406,34,965.6616908462072,73953.0,3.5553480614894135
1792572891,Ankara,Turkey,39.93,32.85,31,951.3899331780508,5503985.0,3.4657359027997265
1792756324,Istanbul,Turkey,41.01,28.9603,92,1178.7698750308248,15154000.0,4.532599493153256
1792945815,Kayseri,Turkey,38.7333,35.4833,69,802.7795268192706,1389680.0,4.248495242049359
1804382913,Kyiv,Ukraine,50.45,30.5236,17,689.5272901461744,2963199.0,2.8903717578961645
1804588111,Kharkiv,Ukraine,50.0,36.2292,45,1088.9469698107864,1446107.0,3.828641396489095
1818925479,Giza,Egypt,29.987,31.2118,13,389.1419175162178,5598402.0,2.6390573296152584
1826267810,Islington,United Kingdom,51.544,-0.1027,299,4.428575046616873,206125.0,5.703782474656201
1826289852,Sheffield,United Kingdom,53.3833,-1.4667,254,227.4763949581556,685368.0,5.541263545158426
1826423213,Birmingham,United Kingdom,52.48,-1.9025,53,142.35252336194603,2897303.0,3.9889840465642745
1826431946,Leicester,United Kingdom,52.6333,-1.1333,28,142.82747134503668,508916.0,3.367295829986474
1826492520,Edinburgh,United Kingdom,55.953,-3.189,673,350.39456120335194,488050.0,6.513230110912307
1826549531,Paisley,United Kingdom,55.8466,-4.4236,7,301.7665436972747,77310.0,2.0794415416798357
1826609057,Brighton,United Kingdom,50.8429,-0.1313,15,48.08599980323443,134293.0,2.772588722239781
1826629486,Ipswich,United Kingdom,52.0594,1.1556,4,107.51852541732045,180000.0,1.6094379124341003
1826636841,Wolverhampton,United Kingdom,52.5833,-2.1333,86,144.1023141158848,254406.0,4.465908118654584
1826689568,Oxford,United Kingdom,51.7519,-1.2578,3,82.61085055211935,154600.0,1.3862943611198906
1826736387,Sunderland,United Kingdom,54.9061,-1.3811,2,361.8527538594837,174286.0,1.0986122886681098
1826771105,Bedford,United Kingdom,52.135,-0.47,477,73.65427520982205,106940.0,6.169610732491456
1826836462,Glasgow,United Kingdom,55.8609,-4.2514,48,307.7122356347054,985290.0,3.8918202981106265
1826869043,Reading,United Kingdom,51.4542,-0.9731,107,58.340449450723455,337108.0,4.68213122712422
1840000428,Waltham,United States,42.3889,-71.2423,92,393.2003631823904,62495.0,4.532599493153256
1840000429,Cambridge,United States,42.3759,-71.1185,12,399.2566104610097,118927.0,2.5649493574615367
1840000440,Waterloo,United States,42.492,-92.3522,222,144.96827494822523,111631.0,5.407171771460119
1840000447,Sioux City,United States,42.4959,-96.3901,4,144.5899152041314,106455.0,1.6094379124341003
1840000462,Chicopee,United States,42.1764,-72.5719,320,378.4717670755067,55126.0,5.771441123130016
1840000500,Poughkeepsie,United States,41.6949,-73.921,16,422.0591972187503,394760.0,2.833213344056216
1840000782,New Rochelle,United States,40.9305,-73.7836,11,378.881331831544,78557.0,2.4849066497880004
1840001034,Union City,United States,40.7674,-74.0323,275,351.5177894570612,67982.0,5.62040086571715
1840001146,Monessen,United States,40.1519,-79.8828,207,238.42843810767192,61960.0,5.337538079701318
1840001254,Pittsburgh,United States,40.4396,-79.9762,965,231.09709819744083,1703266.0,6.873163834212518
1840001339,New Brunswick,United States,40.487,-74.445,26,305.55448444611864,55676.0,3.295836866004329
1840001383,Trenton,United States,40.2236,-74.7641,38,267.57015760060625,290716.0,3.6635616461296463
1840002310,Burlington,United States,44.4877,-73.2314,0,116.00940769544242,109763.0,0.0
1840003123,Somerville,United States,42.3908,-71.1013,31,398.48309937704863,81360.0,3.4657359027997265
1840003160,Kenosha,United States,42.5864,-87.8765,0,80.968477246955,124972.0,0.0
1840003862,Newport News,United States,37.1051,-76.5185,3,173.29540610931727,179225.0,1.3862943611198906
1840005848,Gaithersburg,United States,39.1346,-77.2132,23,25.73950910225281,67985.0,3.1780538303479458
1840005849,Rockville,United States,39.0834,-77.1552,160,29.02625735341796,68079.0,5.081404364984463
1840006060,Washington,United States,38.9047,-77.0163,175,43.5671657633603,5379184.0,5.170483995038151
1840007560,Carbondale,United States,37.7221,-89.2238,23,482.19821672931374,65671.0,3.1780538303479458
1840009315,Omaha,United States,41.2627,-96.0522,4,16.743946907744746,847819.0,1.6094379124341003
1840011306,Oak Lawn,United States,41.7139,-87.7528,5,21.36216303817775,55022.0,1.791759469228055
1840013301,Bristol,United States,36.5572,-82.2154,62,231.58419407610663,70243.0,4.143134726391533
1840013356,Greensboro,United States,36.0956,-79.8269,40,141.9213651752351,343090.0,3.713572066704308
1840013730,Evansville,United States,37.9881,-87.5341,9,433.045013771224,230427.0,2.302585092994046
1840014207,Boca Raton,United States,26.3752,-80.108,54,758.6442510296448,99805.0,4.007333185232471
1840014495,Murfreesboro,United States,35.8492,-86.4119,8,546.463622470965,179951.0,2.1972245773362196
1840014528,Jackson,United States,35.6535,-88.8353,15,580.3371779606832,74065.0,2.772588722239781
1840015005,Pensacola,United States,30.4427,-87.1886,15,743.8917848422263,346921.0,2.772588722239781
1840015044,Lafayette,United States,30.2084,-92.0323,58,534.3350413184096,264357.0,4.07753744390572
1840015457,Memphis,United States,35.1046,-89.9773,122,493.1151901201983,1066967.0,4.812184355372417
1840016152,Chapel Hill,United States,35.927,-79.0391,74,100.92610113515413,64051.0,4.31748811353631
1840018774,Boulder,United States,40.0249,-105.2523,121,432.257612711874,124345.0,4.804021044733257
1840018914,Berkeley,United States,37.8723,-122.276,12,15.873185702800596,121363.0,2.5649493574615367
1840018950,Cupertino,United States,37.3168,-122.0465,29,61.03575136306403,59276.0,3.4011973816621555
1840019309,Chandler,United States,33.2826,-111.8516,179,27.685916131189018,261165.0,5.19295685089021
1840019572,Cedar Park,United States,30.5106,-97.8196,1,138.17112907572468,79462.0,0.6931471805599453
1840019835,Redmond,United States,47.6762,-122.1169,426,177.27153779196064,71929.0,6.056784013228625
1840020121,Reno,United States,39.5497,-119.8483,10,297.17609784636403,445020.0,2.3978952727983707
1840020304,Redwood City,United States,37.5026,-122.2252,142,35.19503210509508,85925.0,4.962844630259907
1840020332,Mountain View,United States,37.4,-122.0796,841,51.723760608194304,82739.0,6.7357800142423265
1840020333,Palo Alto,United States,37.3913,-122.1468,6,49.37482842992077,65364.0,1.9459101490553132
1840020622,National City,United States,32.6654,-117.0983,14,187.42172742656427,61394.0,2.70805020110221
1840020875,Georgetown,United States,30.6668,-97.6953,1,159.12778278610654,79604.0,0.6931471805599453
1840021117,Seattle,United States,47.6211,-122.3244,844,190.92202702997636,3789215.0,6.739336627357174
1840021129,Tacoma,United States,47.2431,-122.4531,14,196.3676287953899,217827.0,2.70805020110221
1840021154,Yakima,United States,46.5923,-120.5496,12,88.78732066154137,133191.0,2.5649493574615367
1840021551,San Mateo,United States,37.5521,-122.3122,214,26.95525304322192,104430.0,5.3706380281276624
1840021570,San Jose,United States,37.3019,-121.8486,168,73.15724698836503,1798103.0,5.1298987149230735
1840021573,Sunnyvale,United States,37.3836,-122.0256,6,56.041249432154224,152703.0,1.9459101490553132
1840021844,Thousand Oaks,United States,34.1914,-118.8755,48,60.22334741944026,215029.0,3.8918202981106265
1840021942,Tempe,United States,33.3881,-111.9318,4,14.805133688564077,195805.0,1.6094379124341003
1840022076,Tyler,United States,32.3184,-95.3062,9,148.70677347403742,143796.0,2.302585092994046
1840023252,El Paso,United States,31.8479,-106.4309,104,557.4173925129066,843386.0,4.653960350157523
1840034249,Dayton,United States,39.7797,-84.1998,31,104.32510683487996,718353.0,3.4657359027997265
1840034747,Greenwich,United States,41.0665,-73.6368,189,397.43090672653926,62587.0,5.247024072160486
1840036155,Nashville,United States,36.1715,-86.7843,16,535.9630354733696,1081903.0,2.833213344056216
1860331871,Tashkent,Uzbekistan,41.3,69.2667,49,1580.4568760277937,2424100.0,3.912023005428146
1860546433,Urganch,Uzbekistan,41.5345,60.6249,47,1873.7981149494335,135100.0,3.871201010907891
