city,country,year,ai_works_city_topinst,treated_city,event_year,post_full,rel_year,log1p_ai,year_c
Singapore,SG,2000,18,1,2010.0,0,-10.0,2.9444389791664403,0
Singapore,SG,2001,33,1,2010.0,0,-9.0,3.5263605246161616,1
Singapore,SG,2002,63,1,2010.0,0,-8.0,4.1588830833596715,2
Singapore,SG,2003,74,1,2010.0,0,-7.0,4.31748811353631,3
Singapore,SG,2004,113,1,2010.0,0,-6.0,4.736198448394496,4
Singapore,SG,2005,119,1,2010.0,0,-5.0,4.787491742782046,5
Singapore,SG,2006,125,1,2010.0,0,-4.0,4.836281906951478,6
Singapore,SG,2007,126,1,2010.0,0,-3.0,4.844187086458591,7
Singapore,SG,2008,141,1,2010.0,0,-2.0,4.955827057601261,8
Singapore,SG,2009,117,1,2010.0,0,-1.0,4.770684624465665,9
Singapore,SG,2010,123,1,2010.0,0,0.0,4.820281565605037,10
Singapore,SG,2011,89,1,2010.0,1,1.0,4.499809670330265,11
Singapore,SG,2012,85,1,2010.0,1,2.0,4.454347296253507,12
Singapore,SG,2013,90,1,2010.0,1,3.0,4.51085950651685,13
Singapore,SG,2014,103,1,2010.0,1,4.0,4.6443908991413725,14
Singapore,SG,2015,84,1,2010.0,1,5.0,4.442651256490317,15
Singapore,SG,2016,96,1,2010.0,1,6.0,4.574710978503383,16
Singapore,SG,2017,88,1,2010.0,1,7.0,4.48863636973214,17
Singapore,SG,2018,80,1,2010.0,1,8.0,4.394449154672439,18
Singapore,SG,2019,79,1,2010.0,1,9.0,4.382026634673881,19
Singapore,SG,2020,59,1,2010.0,1,10.0,4.0943445622221,20
Singapore,SG,2021,49,1,2010.0,1,11.0,3.912023005428146,21
Singapore,SG,2022,56,1,2010.0,1,12.0,4.04305126783455,22
Singapore,SG,2023,62,1,2010.0,1,13.0,4.143134726391533,23
Singapore,SG,2024,57,1,2010.0,1,14.0,4.060443010546419,24
Singapore,SG,2025,81,1,2010.0,1,15.0,4.406719247264253,25
Tokyo,JP,2000,89,1,2011.0,0,-11.0,4.499809670330265,0
Tokyo,JP,2001,98,1,2011.0,0,-10.0,4.59511985013459,1
Tokyo,JP,2002,422,1,2011.0,0,-9.0,6.0473721790462776,2
Tokyo,JP,2003,237,1,2011.0,0,-8.0,5.472270673671475,3
Tokyo,JP,2004,183,1,2011.0,0,-7.0,5.214935757608986,4
Tokyo,JP,2005,256,1,2011.0,0,-6.0,5.54907608489522,5
Tokyo,JP,2006,259,1,2011.0,0,-5.0,5.560681631015528,6
Tokyo,JP,2007,223,1,2011.0,0,-4.0,5.4116460518550396,7
Tokyo,JP,2008,292,1,2011.0,0,-3.0,5.680172609017068,8
Tokyo,JP,2009,289,1,2011.0,0,-2.0,5.66988092298052,9
Tokyo,JP,2010,327,1,2011.0,0,-1.0,5.793013608384144,10
Tokyo,JP,2011,305,1,2011.0,0,0.0,5.723585101952381,11
Tokyo,JP,2012,285,1,2011.0,1,1.0,5.655991810819852,12
Tokyo,JP,2013,251,1,2011.0,1,2.0,5.529429087511423,13
Tokyo,JP,2014,285,1,2011.0,1,3.0,5.655991810819852,14
Tokyo,JP,2015,320,1,2011.0,1,4.0,5.771441123130016,15
Tokyo,JP,2016,274,1,2011.0,1,5.0,5.616771097666572,16
Tokyo,JP,2017,301,1,2011.0,1,6.0,5.71042701737487,17
Tokyo,JP,2018,285,1,2011.0,1,7.0,5.655991810819852,18
Tokyo,JP,2019,243,1,2011.0,1,8.0,5.497168225293202,19
Tokyo,JP,2020,222,1,2011.0,1,9.0,5.407171771460119,20
Tokyo,JP,2021,170,1,2011.0,1,10.0,5.14166355650266,21
Tokyo,JP,2022,186,1,2011.0,1,11.0,5.231108616854587,22
Tokyo,JP,2023,289,1,2011.0,1,12.0,5.66988092298052,23
Tokyo,JP,2024,202,1,2011.0,1,13.0,5.313205979041787,24
Tokyo,JP,2025,198,1,2011.0,1,14.0,5.293304824724492,25
Seoul,KR,2000,0,1,2016.0,0,-16.0,0.0,0
Seoul,KR,2001,2,1,2016.0,0,-15.0,1.0986122886681098,1
Seoul,KR,2002,8,1,2016.0,0,-14.0,2.1972245773362196,2
Seoul,KR,2003,5,1,2016.0,0,-13.0,1.791759469228055,3
Seoul,KR,2004,7,1,2016.0,0,-12.0,2.0794415416798357,4
Seoul,KR,2005,6,1,2016.0,0,-11.0,1.9459101490553132,5
Seoul,KR,2006,3,1,2016.0,0,-10.0,1.3862943611198906,6
Seoul,KR,2007,6,1,2016.0,0,-9.0,1.9459101490553132,7
Seoul,KR,2008,3,1,2016.0,0,-8.0,1.3862943611198906,8
Seoul,KR,2009,4,1,2016.0,0,-7.0,1.6094379124341003,9
Seoul,KR,2010,2,1,2016.0,0,-6.0,1.0986122886681098,10
Seoul,KR,2011,2,1,2016.0,0,-5.0,1.0986122886681098,11
Seoul,KR,2012,1,1,2016.0,0,-4.0,0.6931471805599453,12
Seoul,KR,2013,0,1,2016.0,0,-3.0,0.0,13
Seoul,KR,2014,1,1,2016.0,0,-2.0,0.6931471805599453,14
Seoul,KR,2015,4,1,2016.0,0,-1.0,1.6094379124341003,15
Seoul,KR,2016,4,1,2016.0,0,0.0,1.6094379124341003,16
Seoul,KR,2017,3,1,2016.0,1,1.0,1.3862943611198906,17
Seoul,KR,2018,5,1,2016.0,1,2.0,1.791759469228055,18
Seoul,KR,2019,4,1,2016.0,1,3.0,1.6094379124341003,19
Seoul,KR,2020,2,1,2016.0,1,4.0,1.0986122886681098,20
Seoul,KR,2021,6,1,2016.0,1,5.0,1.9459101490553132,21
Seoul,KR,2022,3,1,2016.0,1,6.0,1.3862943611198906,22
Seoul,KR,2023,0,1,2016.0,1,7.0,0.0,23
Seoul,KR,2024,0,1,2016.0,1,8.0,0.0,24
Seoul,KR,2025,1,1,2016.0,1,9.0,0.6931471805599453,25
Kyoto,JP,2000,1,1,2018.0,0,-18.0,0.6931471805599453,0
Kyoto,JP,2001,0,1,2018.0,0,-17.0,0.0,1
Kyoto,JP,2002,6,1,2018.0,0,-16.0,1.9459101490553132,2
Kyoto,JP,2003,1,1,2018.0,0,-15.0,0.6931471805599453,3
Kyoto,JP,2004,1,1,2018.0,0,-14.0,0.6931471805599453,4
Kyoto,JP,2005,4,1,2018.0,0,-13.0,1.6094379124341003,5
Kyoto,JP,2006,5,1,2018.0,0,-12.0,1.791759469228055,6
Kyoto,JP,2007,5,1,2018.0,0,-11.0,1.791759469228055,7
Kyoto,JP,2008,1,1,2018.0,0,-10.0,0.6931471805599453,8
Kyoto,JP,2009,1,1,2018.0,0,-9.0,0.6931471805599453,9
Kyoto,JP,2010,4,1,2018.0,0,-8.0,1.6094379124341003,10
Kyoto,JP,2011,3,1,2018.0,0,-7.0,1.3862943611198906,11
Kyoto,JP,2012,3,1,2018.0,0,-6.0,1.3862943611198906,12
Kyoto,JP,2013,4,1,2018.0,0,-5.0,1.6094379124341003,13
Kyoto,JP,2014,1,1,2018.0,0,-4.0,0.6931471805599453,14
Kyoto,JP,2015,3,1,2018.0,0,-3.0,1.3862943611198906,15
Kyoto,JP,2016,2,1,2018.0,0,-2.0,1.0986122886681098,16
Kyoto,JP,2017,5,1,2018.0,0,-1.0,1.791759469228055,17
Kyoto,JP,2018,4,1,2018.0,0,0.0,1.6094379124341003,18
Kyoto,JP,2019,6,1,2018.0,1,1.0,1.9459101490553132,19
Kyoto,JP,2020,3,1,2018.0,1,2.0,1.3862943611198906,20
Kyoto,JP,2021,8,1,2018.0,1,3.0,2.1972245773362196,21
Kyoto,JP,2022,10,1,2018.0,1,4.0,2.3978952727983707,22
Kyoto,JP,2023,4,1,2018.0,1,5.0,1.6094379124341003,23
Kyoto,JP,2024,2,1,2018.0,1,6.0,1.0986122886681098,24
Kyoto,JP,2025,8,1,2018.0,1,7.0,2.1972245773362196,25
Hong Kong,HK,2000,17,1,2019.0,0,-19.0,2.8903717578961645,0
Hong Kong,HK,2001,15,1,2019.0,0,-18.0,2.772588722239781,1
Hong Kong,HK,2002,37,1,2019.0,0,-17.0,3.6375861597263857,2
Hong Kong,HK,2003,22,1,2019.0,0,-16.0,3.1354942159291497,3
Hong Kong,HK,2004,22,1,2019.0,0,-15.0,3.1354942159291497,4
Hong Kong,HK,2005,16,1,2019.0,0,-14.0,2.833213344056216,5
Hong Kong,HK,2006,25,1,2019.0,0,-13.0,3.258096538021482,6
Hong Kong,HK,2007,10,1,2019.0,0,-12.0,2.3978952727983707,7
Hong Kong,HK,2008,25,1,2019.0,0,-11.0,3.258096538021482,8
Hong Kong,HK,2009,25,1,2019.0,0,-10.0,3.258096538021482,9
Hong Kong,HK,2010,21,1,2019.0,0,-9.0,3.091042453358316,10
Hong Kong,HK,2011,25,1,2019.0,0,-8.0,3.258096538021482,11
Hong Kong,HK,2012,28,1,2019.0,0,-7.0,3.367295829986474,12
Hong Kong,HK,2013,28,1,2019.0,0,-6.0,3.367295829986474,13
Hong Kong,HK,2014,20,1,2019.0,0,-5.0,3.044522437723423,14
Hong Kong,HK,2015,21,1,2019.0,0,-4.0,3.091042453358316,15
Hong Kong,HK,2016,32,1,2019.0,0,-3.0,3.4965075614664802,16
Hong Kong,HK,2017,36,1,2019.0,0,-2.0,3.6109179126442243,17
Hong Kong,HK,2018,38,1,2019.0,0,-1.0,3.6635616461296463,18
Hong Kong,HK,2019,39,1,2019.0,0,0.0,3.6888794541139363,19
Hong Kong,HK,2020,43,1,2019.0,1,1.0,3.784189633918261,20
Hong Kong,HK,2021,62,1,2019.0,1,2.0,4.143134726391533,21
Hong Kong,HK,2022,46,1,2019.0,1,3.0,3.8501476017100584,22
Hong Kong,HK,2023,33,1,2019.0,1,4.0,3.5263605246161616,23
Hong Kong,HK,2024,57,1,2019.0,1,5.0,4.060443010546419,24
Hong Kong,HK,2025,45,1,2019.0,1,6.0,3.828641396489095,25
Milan,IT,2000,0,1,2020.0,0,-20.0,0.0,0
Milan,IT,2001,0,1,2020.0,0,-19.0,0.0,1
Milan,IT,2002,0,1,2020.0,0,-18.0,0.0,2
Milan,IT,2003,0,1,2020.0,0,-17.0,0.0,3
Milan,IT,2004,0,1,2020.0,0,-16.0,0.0,4
Milan,IT,2005,0,1,2020.0,0,-15.0,0.0,5
Milan,IT,2006,0,1,2020.0,0,-14.0,0.0,6
Milan,IT,2007,0,1,2020.0,0,-13.0,0.0,7
Milan,IT,2008,0,1,2020.0,0,-12.0,0.0,8
Milan,IT,2009,0,1,2020.0,0,-11.0,0.0,9
Milan,IT,2010,0,1,2020.0,0,-10.0,0.0,10
Milan,IT,2011,0,1,2020.0,0,-9.0,0.0,11
Milan,IT,2012,0,1,2020.0,0,-8.0,0.0,12
Milan,IT,2013,0,1,2020.0,0,-7.0,0.0,13
Milan,IT,2014,0,1,2020.0,0,-6.0,0.0,14
Milan,IT,2015,0,1,2020.0,0,-5.0,0.0,15
Milan,IT,2016,0,1,2020.0,0,-4.0,0.0,16
Milan,IT,2017,0,1,2020.0,0,-3.0,0.0,17
Milan,IT,2018,0,1,2020.0,0,-2.0,0.0,18
Milan,IT,2019,0,1,2020.0,0,-1.0,0.0,19
Milan,IT,2020,0,1,2020.0,0,0.0,0.0,20
Milan,IT,2021,0,1,2020.0,1,1.0,0.0,21
Milan,IT,2022,0,1,2020.0,1,2.0,0.0,22
Milan,IT,2023,0,1,2020.0,1,3.0,0.0,23
Milan,IT,2024,0,1,2020.0,1,4.0,0.0,24
Milan,IT,2025,0,1,2020.0,1,5.0,0.0,25
Zurich,CH,2000,0,1,2022.0,0,-22.0,0.0,0
Zurich,CH,2001,0,1,2022.0,0,-21.0,0.0,1
Zurich,CH,2002,0,1,2022.0,0,-20.0,0.0,2
Zurich,CH,2003,0,1,2022.0,0,-19.0,0.0,3
Zurich,CH,2004,0,1,2022.0,0,-18.0,0.0,4
Zurich,CH,2005,0,1,2022.0,0,-17.0,0.0,5
Zurich,CH,2006,1,1,2022.0,0,-16.0,0.6931471805599453,6
Zurich,CH,2007,0,1,2022.0,0,-15.0,0.0,7
Zurich,CH,2008,2,1,2022.0,0,-14.0,1.0986122886681098,8
Zurich,CH,2009,0,1,2022.0,0,-13.0,0.0,9
Zurich,CH,2010,1,1,2022.0,0,-12.0,0.6931471805599453,10
Zurich,CH,2011,1,1,2022.0,0,-11.0,0.6931471805599453,11
Zurich,CH,2012,2,1,2022.0,0,-10.0,1.0986122886681098,12
Zurich,CH,2013,1,1,2022.0,0,-9.0,0.6931471805599453,13
Zurich,CH,2014,2,1,2022.0,0,-8.0,1.0986122886681098,14
Zurich,CH,2015,4,1,2022.0,0,-7.0,1.6094379124341003,15
Zurich,CH,2016,0,1,2022.0,0,-6.0,0.0,16
Zurich,CH,2017,1,1,2022.0,0,-5.0,0.6931471805599453,17
Zurich,CH,2018,1,1,2022.0,0,-4.0,0.6931471805599453,18
Zurich,CH,2019,1,1,2022.0,0,-3.0,0.6931471805599453,19
Zurich,CH,2020,2,1,2022.0,0,-2.0,1.0986122886681098,20
Zurich,CH,2021,3,1,2022.0,0,-1.0,1.3862943611198906,21
Zurich,CH,2022,3,1,2022.0,0,0.0,1.3862943611198906,22
Zurich,CH,2023,2,1,2022.0,1,1.0,1.0986122886681098,23
Zurich,CH,2024,3,1,2022.0,1,2.0,1.3862943611198906,24
Zurich,CH,2025,6,1,2022.0,1,3.0,1.9459101490553132,25
Hyderabad,IN,2000,0,1,2022.0,0,-22.0,0.0,0
Hyderabad,IN,2001,0,1,2022.0,0,-21.0,0.0,1
Hyderabad,IN,2002,0,1,2022.0,0,-20.0,0.0,2
Hyderabad,IN,2003,0,1,2022.0,0,-19.0,0.0,3
Hyderabad,IN,2004,0,1,2022.0,0,-18.0,0.0,4
Hyderabad,IN,2005,0,1,2022.0,0,-17.0,0.0,5
Hyderabad,IN,2006,0,1,2022.0,0,-16.0,0.0,6
Hyderabad,IN,2007,0,1,2022.0,0,-15.0,0.0,7
Hyderabad,IN,2008,0,1,2022.0,0,-14.0,0.0,8
Hyderabad,IN,2009,0,1,2022.0,0,-13.0,0.0,9
Hyderabad,IN,2010,3,1,2022.0,0,-12.0,1.3862943611198906,10
Hyderabad,IN,2011,1,1,2022.0,0,-11.0,0.6931471805599453,11
Hyderabad,IN,2012,1,1,2022.0,0,-10.0,0.6931471805599453,12
Hyderabad,IN,2013,1,1,2022.0,0,-9.0,0.6931471805599453,13
Hyderabad,IN,2014,0,1,2022.0,0,-8.0,0.0,14
Hyderabad,IN,2015,2,1,2022.0,0,-7.0,1.0986122886681098,15
Hyderabad,IN,2016,1,1,2022.0,0,-6.0,0.6931471805599453,16
Hyderabad,IN,2017,2,1,2022.0,0,-5.0,1.0986122886681098,17
Hyderabad,IN,2018,2,1,2022.0,0,-4.0,1.0986122886681098,18
Hyderabad,IN,2019,5,1,2022.0,0,-3.0,1.791759469228055,19
Hyderabad,IN,2020,2,1,2022.0,0,-2.0,1.0986122886681098,20
Hyderabad,IN,2021,3,1,2022.0,0,-1.0,1.3862943611198906,21
Hyderabad,IN,2022,4,1,2022.0,0,0.0,1.6094379124341003,22
Hyderabad,IN,2023,7,1,2022.0,1,1.0,2.0794415416798357,23
Hyderabad,IN,2024,0,1,2022.0,1,2.0,0.0,24
Hyderabad,IN,2025,4,1,2022.0,1,3.0,1.6094379124341003,25
Abu Dhabi,AE,2000,0,1,2022.0,0,-22.0,0.0,0
Abu Dhabi,AE,2001,0,1,2022.0,0,-21.0,0.0,1
Abu Dhabi,AE,2002,0,1,2022.0,0,-20.0,0.0,2
Abu Dhabi,AE,2003,0,1,2022.0,0,-19.0,0.0,3
Abu Dhabi,AE,2004,0,1,2022.0,0,-18.0,0.0,4
Abu Dhabi,AE,2005,0,1,2022.0,0,-17.0,0.0,5
Abu Dhabi,AE,2006,0,1,2022.0,0,-16.0,0.0,6
Abu Dhabi,AE,2007,0,1,2022.0,0,-15.0,0.0,7
Abu Dhabi,AE,2008,1,1,2022.0,0,-14.0,0.6931471805599453,8
Abu Dhabi,AE,2009,0,1,2022.0,0,-13.0,0.0,9
Abu Dhabi,AE,2010,1,1,2022.0,0,-12.0,0.6931471805599453,10
Abu Dhabi,AE,2011,9,1,2022.0,0,-11.0,2.302585092994046,11
Abu Dhabi,AE,2012,7,1,2022.0,0,-10.0,2.0794415416798357,12
Abu Dhabi,AE,2013,3,1,2022.0,0,-9.0,1.3862943611198906,13
Abu Dhabi,AE,2014,0,1,2022.0,0,-8.0,0.0,14
Abu Dhabi,AE,2015,6,1,2022.0,0,-7.0,1.9459101490553132,15
Abu Dhabi,AE,2016,4,1,2022.0,0,-6.0,1.6094379124341003,16
Abu Dhabi,AE,2017,1,1,2022.0,0,-5.0,0.6931471805599453,17
Abu Dhabi,AE,2018,5,1,2022.0,0,-4.0,1.791759469228055,18
Abu Dhabi,AE,2019,2,1,2022.0,0,-3.0,1.0986122886681098,19
Abu Dhabi,AE,2020,3,1,2022.0,0,-2.0,1.3862943611198906,20
Abu Dhabi,AE,2021,7,1,2022.0,0,-1.0,2.0794415416798357,21
Abu Dhabi,AE,2022,10,1,2022.0,0,0.0,2.3978952727983707,22
Abu Dhabi,AE,2023,9,1,2022.0,1,1.0,2.302585092994046,23
Abu Dhabi,AE,2024,20,1,2022.0,1,2.0,3.044522437723423,24
Abu Dhabi,AE,2025,8,1,2022.0,1,3.0,2.1972245773362196,25
Beijing,CN,2000,11,0,,0,,2.4849066497880004,0
Beijing,CN,2001,4,0,,0,,1.6094379124341003,1
Beijing,CN,2002,11,0,,0,,2.4849066497880004,2
Beijing,CN,2003,12,0,,0,,2.5649493574615367,3
Beijing,CN,2004,16,0,,0,,2.833213344056216,4
Beijing,CN,2005,14,0,,0,,2.70805020110221,5
Beijing,CN,2006,17,0,,0,,2.8903717578961645,6
Beijing,CN,2007,25,0,,0,,3.258096538021482,7
Beijing,CN,2008,9,0,,0,,2.302585092994046,8
Beijing,CN,2009,14,0,,0,,2.70805020110221,9
Beijing,CN,2010,22,0,,0,,3.1354942159291497,10
Beijing,CN,2011,23,0,,0,,3.1780538303479458,11
Beijing,CN,2012,17,0,,0,,2.8903717578961645,12
Beijing,CN,2013,28,0,,0,,3.367295829986474,13
Beijing,CN,2014,26,0,,0,,3.295836866004329,14
Beijing,CN,2015,31,0,,0,,3.4657359027997265,15
Beijing,CN,2016,37,0,,0,,3.6375861597263857,16
Beijing,CN,2017,29,0,,0,,3.4011973816621555,17
Beijing,CN,2018,55,0,,0,,4.02535169073515,18
Beijing,CN,2019,66,0,,0,,4.204692619390966,19
Beijing,CN,2020,70,0,,0,,4.2626798770413155,20
Beijing,CN,2021,77,0,,0,,4.356708826689592,21
Beijing,CN,2022,82,0,,0,,4.418840607796598,22
Beijing,CN,2023,117,0,,0,,4.770684624465665,23
Beijing,CN,2024,117,0,,0,,4.770684624465665,24
Beijing,CN,2025,123,0,,0,,4.820281565605037,25
Barcelona,ES,2000,4,0,,0,,1.6094379124341003,0
Barcelona,ES,2001,4,0,,0,,1.6094379124341003,1
Barcelona,ES,2002,23,0,,0,,3.1780538303479458,2
Barcelona,ES,2003,20,0,,0,,3.044522437723423,3
Barcelona,ES,2004,32,0,,0,,3.4965075614664802,4
Barcelona,ES,2005,50,0,,0,,3.9318256327243257,5
Barcelona,ES,2006,63,0,,0,,4.1588830833596715,6
Barcelona,ES,2007,60,0,,0,,4.110873864173311,7
Barcelona,ES,2008,63,0,,0,,4.1588830833596715,8
Barcelona,ES,2009,78,0,,0,,4.3694478524670215,9
Barcelona,ES,2010,86,0,,0,,4.465908118654584,10
Barcelona,ES,2011,99,0,,0,,4.605170185988092,11
Barcelona,ES,2012,89,0,,0,,4.499809670330265,12
Barcelona,ES,2013,71,0,,0,,4.276666119016055,13
Barcelona,ES,2014,89,0,,0,,4.499809670330265,14
Barcelona,ES,2015,78,0,,0,,4.3694478524670215,15
Barcelona,ES,2016,66,0,,0,,4.204692619390966,16
Barcelona,ES,2017,70,0,,0,,4.2626798770413155,17
Barcelona,ES,2018,72,0,,0,,4.290459441148391,18
Barcelona,ES,2019,53,0,,0,,3.9889840465642745,19
Barcelona,ES,2020,63,0,,0,,4.1588830833596715,20
Barcelona,ES,2021,48,0,,0,,3.8918202981106265,21
Barcelona,ES,2022,37,0,,0,,3.6375861597263857,22
Barcelona,ES,2023,58,0,,0,,4.07753744390572,23
Barcelona,ES,2024,42,0,,0,,3.7612001156935624,24
Barcelona,ES,2025,37,0,,0,,3.6375861597263857,25
Valencia,ES,2000,11,0,,0,,2.4849066497880004,0
Valencia,ES,2001,11,0,,0,,2.4849066497880004,1
Valencia,ES,2002,29,0,,0,,3.4011973816621555,2
Valencia,ES,2003,26,0,,0,,3.295836866004329,3
Valencia,ES,2004,18,0,,0,,2.9444389791664403,4
Valencia,ES,2005,53,0,,0,,3.9889840465642745,5
Valencia,ES,2006,43,0,,0,,3.784189633918261,6
Valencia,ES,2007,48,0,,0,,3.8918202981106265,7
Valencia,ES,2008,42,0,,0,,3.7612001156935624,8
Valencia,ES,2009,52,0,,0,,3.970291913552122,9
Valencia,ES,2010,58,0,,0,,4.07753744390572,10
Valencia,ES,2011,68,0,,0,,4.23410650459726,11
Valencia,ES,2012,59,0,,0,,4.0943445622221,12
Valencia,ES,2013,38,0,,0,,3.6635616461296463,13
Valencia,ES,2014,32,0,,0,,3.4965075614664802,14
Valencia,ES,2015,39,0,,0,,3.6888794541139363,15
Valencia,ES,2016,43,0,,0,,3.784189633918261,16
Valencia,ES,2017,50,0,,0,,3.9318256327243257,17
Valencia,ES,2018,50,0,,0,,3.9318256327243257,18
Valencia,ES,2019,47,0,,0,,3.871201010907891,19
Valencia,ES,2020,44,0,,0,,3.8066624897703196,20
Valencia,ES,2021,34,0,,0,,3.5553480614894135,21
Valencia,ES,2022,17,0,,0,,2.8903717578961645,22
Valencia,ES,2023,25,0,,0,,3.258096538021482,23
Valencia,ES,2024,36,0,,0,,3.6109179126442243,24
Valencia,ES,2025,21,0,,0,,3.091042453358316,25
Daejeon,KR,2000,0,0,,0,,0.0,0
Daejeon,KR,2001,0,0,,0,,0.0,1
Daejeon,KR,2002,2,0,,0,,1.0986122886681098,2
Daejeon,KR,2003,2,0,,0,,1.0986122886681098,3
Daejeon,KR,2004,2,0,,0,,1.0986122886681098,4
Daejeon,KR,2005,2,0,,0,,1.0986122886681098,5
Daejeon,KR,2006,3,0,,0,,1.3862943611198906,6
Daejeon,KR,2007,1,0,,0,,0.6931471805599453,7
Daejeon,KR,2008,5,0,,0,,1.791759469228055,8
Daejeon,KR,2009,3,0,,0,,1.3862943611198906,9
Daejeon,KR,2010,3,0,,0,,1.3862943611198906,10
Daejeon,KR,2011,2,0,,0,,1.0986122886681098,11
Daejeon,KR,2012,2,0,,0,,1.0986122886681098,12
Daejeon,KR,2013,3,0,,0,,1.3862943611198906,13
Daejeon,KR,2014,5,0,,0,,1.791759469228055,14
Daejeon,KR,2015,0,0,,0,,0.0,15
Daejeon,KR,2016,0,0,,0,,0.0,16
Daejeon,KR,2017,0,0,,0,,0.0,17
Daejeon,KR,2018,2,0,,0,,1.0986122886681098,18
Daejeon,KR,2019,2,0,,0,,1.0986122886681098,19
Daejeon,KR,2020,3,0,,0,,1.3862943611198906,20
Daejeon,KR,2021,1,0,,0,,0.6931471805599453,21
Daejeon,KR,2022,5,0,,0,,1.791759469228055,22
Daejeon,KR,2023,1,0,,0,,0.6931471805599453,23
Daejeon,KR,2024,1,0,,0,,0.6931471805599453,24
Daejeon,KR,2025,2,0,,0,,1.0986122886681098,25
Delhi,IN,2000,0,0,,0,,0.0,0
Delhi,IN,2001,0,0,,0,,0.0,1
Delhi,IN,2002,0,0,,0,,0.0,2
Delhi,IN,2003,0,0,,0,,0.0,3
Delhi,IN,2004,0,0,,0,,0.0,4
Delhi,IN,2005,0,0,,0,,0.0,5
Delhi,IN,2006,0,0,,0,,0.0,6
Delhi,IN,2007,0,0,,0,,0.0,7
Delhi,IN,2008,1,0,,0,,0.6931471805599453,8
Delhi,IN,2009,1,0,,0,,0.6931471805599453,9
Delhi,IN,2010,1,0,,0,,0.6931471805599453,10
Delhi,IN,2011,2,0,,0,,1.0986122886681098,11
Delhi,IN,2012,1,0,,0,,0.6931471805599453,12
Delhi,IN,2013,1,0,,0,,0.6931471805599453,13
Delhi,IN,2014,5,0,,0,,1.791759469228055,14
Delhi,IN,2015,5,0,,0,,1.791759469228055,15
Delhi,IN,2016,4,0,,0,,1.6094379124341003,16
Delhi,IN,2017,10,0,,0,,2.3978952727983707,17
Delhi,IN,2018,15,0,,0,,2.772588722239781,18
Delhi,IN,2019,26,0,,0,,3.295836866004329,19
Delhi,IN,2020,18,0,,0,,2.9444389791664403,20
Delhi,IN,2021,25,0,,0,,3.258096538021482,21
Delhi,IN,2022,25,0,,0,,3.258096538021482,22
Delhi,IN,2023,38,0,,0,,3.6635616461296463,23
Delhi,IN,2024,21,0,,0,,3.091042453358316,24
Delhi,IN,2025,24,0,,0,,3.2188758248682006,25
Bengaluru,IN,2000,0,0,,0,,0.0,0
Bengaluru,IN,2001,0,0,,0,,0.0,1
Bengaluru,IN,2002,0,0,,0,,0.0,2
Bengaluru,IN,2003,0,0,,0,,0.0,3
Bengaluru,IN,2004,0,0,,0,,0.0,4
Bengaluru,IN,2005,0,0,,0,,0.0,5
Bengaluru,IN,2006,0,0,,0,,0.0,6
Bengaluru,IN,2007,0,0,,0,,0.0,7
Bengaluru,IN,2008,0,0,,0,,0.0,8
Bengaluru,IN,2009,2,0,,0,,1.0986122886681098,9
Bengaluru,IN,2010,1,0,,0,,0.6931471805599453,10
Bengaluru,IN,2011,2,0,,0,,1.0986122886681098,11
Bengaluru,IN,2012,3,0,,0,,1.3862943611198906,12
Bengaluru,IN,2013,2,0,,0,,1.0986122886681098,13
Bengaluru,IN,2014,4,0,,0,,1.6094379124341003,14
Bengaluru,IN,2015,5,0,,0,,1.791759469228055,15
Bengaluru,IN,2016,7,0,,0,,2.0794415416798357,16
Bengaluru,IN,2017,3,0,,0,,1.3862943611198906,17
Bengaluru,IN,2018,4,0,,0,,1.6094379124341003,18
Bengaluru,IN,2019,4,0,,0,,1.6094379124341003,19
Bengaluru,IN,2020,5,0,,0,,1.791759469228055,20
Bengaluru,IN,2021,8,0,,0,,2.1972245773362196,21
Bengaluru,IN,2022,15,0,,0,,2.772588722239781,22
Bengaluru,IN,2023,18,0,,0,,2.9444389791664403,23
Bengaluru,IN,2024,21,0,,0,,3.091042453358316,24
Bengaluru,IN,2025,18,0,,0,,2.9444389791664403,25
Lausanne,CH,2000,0,0,,0,,0.0,0
Lausanne,CH,2001,0,0,,0,,0.0,1
Lausanne,CH,2002,0,0,,0,,0.0,2
Lausanne,CH,2003,0,0,,0,,0.0,3
Lausanne,CH,2004,0,0,,0,,0.0,4
Lausanne,CH,2005,0,0,,0,,0.0,5
Lausanne,CH,2006,0,0,,0,,0.0,6
Lausanne,CH,2007,0,0,,0,,0.0,7
Lausanne,CH,2008,0,0,,0,,0.0,8
Lausanne,CH,2009,0,0,,0,,0.0,9
Lausanne,CH,2010,0,0,,0,,0.0,10
Lausanne,CH,2011,0,0,,0,,0.0,11
Lausanne,CH,2012,1,0,,0,,0.6931471805599453,12
Lausanne,CH,2013,0,0,,0,,0.0,13
Lausanne,CH,2014,0,0,,0,,0.0,14
Lausanne,CH,2015,0,0,,0,,0.0,15
Lausanne,CH,2016,0,0,,0,,0.0,16
Lausanne,CH,2017,0,0,,0,,0.0,17
Lausanne,CH,2018,0,0,,0,,0.0,18
Lausanne,CH,2019,2,0,,0,,1.0986122886681098,19
Lausanne,CH,2020,0,0,,0,,0.0,20
Lausanne,CH,2021,0,0,,0,,0.0,21
Lausanne,CH,2022,0,0,,0,,0.0,22
Lausanne,CH,2023,0,0,,0,,0.0,23
Lausanne,CH,2024,1,0,,0,,0.6931471805599453,24
Lausanne,CH,2025,1,0,,0,,0.6931471805599453,25
Genoa,IT,2000,2,0,,0,,1.0986122886681098,0
Genoa,IT,2001,2,0,,0,,1.0986122886681098,1
Genoa,IT,2002,6,0,,0,,1.9459101490553132,2
Genoa,IT,2003,5,0,,0,,1.791759469228055,3
Genoa,IT,2004,3,0,,0,,1.3862943611198906,4
Genoa,IT,2005,2,0,,0,,1.0986122886681098,5
Genoa,IT,2006,3,0,,0,,1.3862943611198906,6
Genoa,IT,2007,2,0,,0,,1.0986122886681098,7
Genoa,IT,2008,3,0,,0,,1.3862943611198906,8
Genoa,IT,2009,10,0,,0,,2.3978952727983707,9
Genoa,IT,2010,2,0,,0,,1.0986122886681098,10
Genoa,IT,2011,5,0,,0,,1.791759469228055,11
Genoa,IT,2012,6,0,,0,,1.9459101490553132,12
Genoa,IT,2013,4,0,,0,,1.6094379124341003,13
Genoa,IT,2014,6,0,,0,,1.9459101490553132,14
Genoa,IT,2015,7,0,,0,,2.0794415416798357,15
Genoa,IT,2016,10,0,,0,,2.3978952727983707,16
Genoa,IT,2017,8,0,,0,,2.1972245773362196,17
Genoa,IT,2018,5,0,,0,,1.791759469228055,18
Genoa,IT,2019,4,0,,0,,1.6094379124341003,19
Genoa,IT,2020,7,0,,0,,2.0794415416798357,20
Genoa,IT,2021,9,0,,0,,2.302585092994046,21
Genoa,IT,2022,9,0,,0,,2.302585092994046,22
Genoa,IT,2023,6,0,,0,,1.9459101490553132,23
Genoa,IT,2024,10,0,,0,,2.3978952727983707,24
Genoa,IT,2025,6,0,,0,,1.9459101490553132,25
Hiroshima,JP,2000,0,0,,0,,0.0,0
Hiroshima,JP,2001,0,0,,0,,0.0,1
Hiroshima,JP,2002,3,0,,0,,1.3862943611198906,2
Hiroshima,JP,2003,1,0,,0,,0.6931471805599453,3
Hiroshima,JP,2004,1,0,,0,,0.6931471805599453,4
Hiroshima,JP,2005,3,0,,0,,1.3862943611198906,5
Hiroshima,JP,2006,5,0,,0,,1.791759469228055,6
Hiroshima,JP,2007,1,0,,0,,0.6931471805599453,7
Hiroshima,JP,2008,1,0,,0,,0.6931471805599453,8
Hiroshima,JP,2009,0,0,,0,,0.0,9
Hiroshima,JP,2010,1,0,,0,,0.6931471805599453,10
Hiroshima,JP,2011,2,0,,0,,1.0986122886681098,11
Hiroshima,JP,2012,2,0,,0,,1.0986122886681098,12
Hiroshima,JP,2013,3,0,,0,,1.3862943611198906,13
Hiroshima,JP,2014,2,0,,0,,1.0986122886681098,14
Hiroshima,JP,2015,5,0,,0,,1.791759469228055,15
Hiroshima,JP,2016,7,0,,0,,2.0794415416798357,16
Hiroshima,JP,2017,1,0,,0,,0.6931471805599453,17
Hiroshima,JP,2018,7,0,,0,,2.0794415416798357,18
Hiroshima,JP,2019,4,0,,0,,1.6094379124341003,19
Hiroshima,JP,2020,2,0,,0,,1.0986122886681098,20
Hiroshima,JP,2021,2,0,,0,,1.0986122886681098,21
Hiroshima,JP,2022,1,0,,0,,0.6931471805599453,22
Hiroshima,JP,2023,0,0,,0,,0.0,23
Hiroshima,JP,2024,0,0,,0,,0.0,24
Hiroshima,JP,2025,2,0,,0,,1.0986122886681098,25
