city,city_ascii,lat,lng,country,iso2,iso3,admin_name,capital,population,id,nearest_region_idx,dist_km_nearest_region,access_score,nearest_provider,nearest_region,nearest_location_name,nearest_lat,nearest_lon,pop_weight,weighted_km_reduction,baseline_weighted_km
Manila,Manila,14.6,120.9833,Philippines,PH,PHL,Manila,primary,23088000.0,1608618140,76,1054.6388058130751,59.01848990802922,gcp,asia-east1,"Changhua County, Taiwan, APAC",24.0755667,120.5444667,16.95482360330833,55.16634511950497,907.7986433690554
Shanghai,Shanghai,31.1667,121.4667,China,CN,CHN,Shanghai,admin,22120000.0,1156073548,76,793.7047997479217,67.24332695436077,gcp,asia-east1,"Changhua County, Taiwan, APAC",24.0755667,120.5444667,16.911992779826363,7.583506798310395,907.7986433690554
Mexico City,Mexico City,19.4333,-99.1333,Mexico,MX,MEX,Ciudad de México,primary,20996000.0,1484247881,31,1111.9474895378507,57.351353340838905,azure,southcentralus,"Texas, South Central US, US",29.4167,-98.5,16.859842548982446,32.82552148472405,907.7986433690554
Kolkāta,Kolkata,22.5411,88.3378,India,IN,IND,West Bengal,admin,17560000.0,1356060520,64,966.9309702254758,61.66427185518573,azure,jioindiacentral,"Nagpur, Jio India Central, Asia Pacific",21.146633,79.08886,16.68113420311885,13.575114015272561,907.7986433690554
Moscow,Moscow,55.7558,37.6178,Russia,RU,RUS,Moskva,primary,17125000.0,1643318494,88,811.1815233905662,66.65829028713084,gcp,europe-north1,"Hamina, Finland, Europe",60.5688901,27.1881877,16.65605000050672,19.338009122937137,907.7986433690554
Bangkok,Bangkok,13.75,100.5167,Thailand,TH,THA,Krung Thep Maha Nakhon,primary,17066000.0,1764068610,83,1423.4573056931054,49.07950494720321,gcp,asia-southeast1,"Jurong West, Singapore, APAC",1.3434392,103.7058663,16.652598796674706,10.343070263995969,907.7986433690554
Buenos Aires,Buenos Aires,-34.5997,-58.3819,Argentina,AR,ARG,"Buenos Aires, Ciudad Autónoma de",primary,16157000.0,1032717330,100,1137.363630099212,56.62713973696265,gcp,southamerica-west1,"Santiago, Chile, South America",-33.4377756,-70.6504502,16.597864012151643,10.199932069998681,907.7986433690554
Dhaka,Dhaka,23.7289,90.3944,Bangladesh,BD,BGD,Dhaka,primary,15443000.0,1050529279,64,1196.4898149518144,54.97756970542918,azure,jioindiacentral,"Nagpur, Jio India Central, Asia Pacific",21.146633,79.08886,16.552666448959393,14.150208692629576,907.7986433690554
Lagos,Lagos,6.45,3.4,Nigeria,NG,NGA,Lagos,minor,15279000.0,1566593751,89,3842.645669085578,14.641315359320654,gcp,europe-southwest1,"Madrid, Spain, Europe",40.4167047,-3.7035825,16.541989959984157,74.09206550736974,907.7986433690554
Istanbul,Istanbul,41.01,28.9603,Turkey,TR,TUR,İstanbul,admin,15154000.0,1792756324,21,1178.7698750308248,55.4668335524552,aws,il-central-1,Middle East (Israel) - ???,31.5313113,34.8667654,16.53377514746263,17.716696210057307,907.7986433690554
Tehran,Tehran,35.7,51.4167,Iran,IR,IRN,Tehrān,primary,13633000.0,1364305026,23,1064.658082052067,58.72356797410357,aws,me-south-1,Middle East (Bahrain),26.1551249,50.5344606,16.428003955519692,15.534619552250774,907.7986433690554
Kinshasa,Kinshasa,-4.3233,15.3081,Congo (Kinshasa),CD,COD,Kinshasa,primary,13528000.0,1180000363,41,2749.7330504605334,25.287334576390982,azure,southafricanorth,"Johannesburg, South Africa North, Africa",-25.73134,28.21837,16.420272243481307,59.38454503022945,907.7986433690554
Ho Chi Minh City,Ho Chi Minh City,10.8167,106.6333,Vietnam,VN,VNM,Hồ Chí Minh,admin,13312000.0,1704774326,7,1096.802563487372,57.7872928281423,aws,ap-southeast-1,Asia Pacific (Singapore),1.357107,103.8194992,16.404176517163318,8.749552122685941,907.7986433690554
Nanyang,Nanyang,32.9987,112.5292,China,CN,CHN,Henan,,12010000.0,1156192287,13,765.386017106434,68.20222421459673,aws,cn-northwest-1,China (Ningxia),37.3095528,105.96085530747736,16.301250277320108,8.967810448308342,907.7986433690554
Chengdu,Chengdu,30.66,104.0633,China,CN,CHN,Sichuan,admin,11309000.0,1156421555,13,759.7609273621555,68.39431603738852,aws,cn-northwest-1,China (Ningxia),37.3095528,105.96085530747736,16.24110951527861,9.419482707107136,907.7986433690554
Lima,Lima,-12.05,-77.0333,Peru,PE,PER,Lima,primary,9848000.0,1604728603,100,2465.084239371826,29.155047861705345,gcp,southamerica-west1,"Santiago, Chile, South America",-33.4377756,-70.6504502,16.10277904838988,36.84125660996301,907.7986433690554
Bogotá,Bogota,4.6126,-74.0705,Colombia,CO,COL,Bogotá,primary,9464000.0,1170483426,103,3237.618917173912,19.81344459858409,gcp,us-east1,"Moncks Corner, South Carolina, North America",33.1973235,-80.01094796275407,16.063005790303922,75.21895718931262,907.7986433690554
Wuhan,Wuhan,30.5872,114.2881,China,CN,CHN,Hubei,admin,8962000.0,1156117184,1,923.8784840825972,63.00606199761201,aws,ap-east-1,Asia Pacific (Hong Kong),22.2793278,114.1628131,16.008504085910456,9.886740167089556,907.7986433690554
Luanda,Luanda,-8.8383,13.2344,Angola,AO,AGO,Luanda,primary,8417000.0,1024949724,41,2456.5001569536034,29.280451454764624,azure,southafricanorth,"Johannesburg, South Africa North, Africa",-25.73134,28.21837,15.945764147000881,49.749010136460925,907.7986433690554
Fuyang,Fuyang,32.8986,115.8045,China,CN,CHN,Anhui,,8360000.0,1156248008,12,780.9743472879069,67.6727110566122,aws,cn-north-1,China (Beijing),39.906217,116.3912757,15.938969104678103,10.274276756860559,907.7986433690554
Hanoi,Hanoi,21.0245,105.8412,Vietnam,VN,VNM,Hà Nội,primary,7785000.0,1704413791,1,871.1523999965242,64.68918206053732,aws,ap-east-1,Asia Pacific (Hong Kong),22.2793278,114.1628131,15.86770949170238,12.562351686686384,907.7986433690554
Chongqing,Chongqing,29.5628,106.5528,China,CN,CHN,Chongqing,admin,7739000.0,1156936556,13,863.1441282371431,64.94872561250416,aws,cn-northwest-1,China (Ningxia),37.3095528,105.96085530747736,15.861783167468248,10.50368084246577,907.7986433690554
Zhumadian,Zhumadian,32.9773,114.0253,China,CN,CHN,Henan,,7640000.0,1156184822,12,798.9097470085023,67.06855548685883,aws,cn-north-1,China (Beijing),39.906217,116.3912757,15.848908292032746,9.73590863302013,907.7986433690554
Nanjing,Nanjing,32.05,118.7667,China,CN,CHN,Jiangsu,admin,7496000.0,1156644065,12,899.2390200903367,63.787080888978224,aws,cn-north-1,China (Beijing),39.906217,116.3912757,15.829880236304868,10.057942048160953,907.7986433690554
Hefei,Hefei,31.8639,117.2808,China,CN,CHN,Anhui,admin,7457027.0,1156332710,12,897.834383748159,63.83189545016552,aws,cn-north-1,China (Beijing),39.906217,116.3912757,15.824667501380087,10.587420775310193,907.7986433690554
Nantong,Nantong,31.9829,120.8873,China,CN,CHN,Jiangsu,minor,7282835.0,1156045365,45,833.2178602798415,65.9278693563534,azure,koreacentral,"Seoul, Korea Central, Asia Pacific",37.5665,126.978,15.801030904753462,8.145096607634287,907.7986433690554
Khartoum,Khartoum,15.6031,32.5265,Sudan,SD,SDN,Khartoum,primary,7282000.0,1729268475,21,1786.9655857866278,40.92280115217567,aws,il-central-1,Middle East (Israel) - ???,31.5313113,34.8667654,15.800916245042417,32.67418389121917,907.7986433690554
Yancheng,Yancheng,33.3936,120.1339,China,CN,CHN,Jiangsu,minor,7260240.0,1156995410,45,773.8037303624744,67.91577406782417,azure,koreacentral,"Seoul, Korea Central, Asia Pacific",37.5665,126.978,15.797923581842303,8.057074583507983,907.7986433690554
Dar es Salaam,Dar es Salaam,-6.8,39.2833,Tanzania,TZ,TZA,Dar es Salaam,primary,6698000.0,1834843853,41,2410.3999498575567,29.963207461892623,azure,southafricanorth,"Johannesburg, South Africa North, Africa",-25.73134,28.21837,15.717319681634574,26.036703688437,907.7986433690554
Xinyang,Xinyang,32.1264,114.0672,China,CN,CHN,Henan,,6634000.0,1156273453,12,889.8739137354613,64.08646768753985,aws,cn-north-1,China (Beijing),39.906217,116.3912757,15.707718649227743,9.939562272057174,907.7986433690554
Bijie,Bijie,27.3019,105.2863,China,CN,CHN,Guizhou,,6537498.0,1156018927,1,1055.3266034806222,58.99819700773114,aws,ap-east-1,Asia Pacific (Hong Kong),22.2793278,114.1628131,15.693065234391632,12.13038356297227,907.7986433690554
Miami,Miami,25.7839,-80.2102,United States,US,USA,Florida,,6445545.0,1840015149,103,824.5611611079681,66.21384668082797,gcp,us-east1,"Moncks Corner, South Carolina, North America",33.1973235,-80.01094796275407,15.678899907601911,36.774088121579894,907.7986433690554
Huanggang,Huanggang,30.45,114.875,China,CN,CHN,Hubei,minor,6333000.0,1156200037,76,903.217975858711,63.66030405392299,gcp,asia-east1,"Changhua County, Taiwan, APAC",24.0755667,120.5444667,15.661284773401603,10.02646015802452,907.7986433690554
Kunming,Kunming,25.0433,102.7061,China,CN,CHN,Yunnan,admin,6250000.0,1156477539,1,1206.1566645139928,54.71248091705375,aws,ap-east-1,Asia Pacific (Hong Kong),22.2793278,114.1628131,15.648092181712572,13.83693937951955,907.7986433690554
Zunyi,Zunyi,27.705,106.9336,China,CN,CHN,Guizhou,,6127009.0,1156539782,1,945.5340192668874,62.32752713958229,aws,ap-east-1,Asia Pacific (Hong Kong),22.2793278,114.1628131,15.628217423826584,11.375801065606652,907.7986433690554
Lu’an,Lu'an,31.7542,116.5078,China,CN,CHN,Anhui,minor,6090000.0,1156499624,12,906.52478873162,63.55513466528456,aws,cn-north-1,China (Beijing),39.906217,116.3912757,15.622158803889679,10.639165055902367,907.7986433690554
Changde,Changde,29.0397,111.6839,China,CN,CHN,Hunan,minor,6011000.0,1156449091,1,791.6390577532524,67.31281651723553,aws,ap-east-1,Asia Pacific (Hong Kong),22.2793278,114.1628131,15.609101848382956,9.258297032241899,907.7986433690554
Qujing,Qujing,25.5102,103.8029,China,CN,CHN,Yunnan,,5855055.0,1156747998,1,1112.3890244890026,57.33869342484126,aws,ap-east-1,Asia Pacific (Hong Kong),22.2793278,114.1628131,15.582816119443024,13.414197535806125,907.7986433690554
Baghdad,Baghdad,33.35,44.4167,Iraq,IQ,IRQ,Baghdād,primary,5796000.0,1368596238,21,918.353318293798,63.18036211513879,aws,il-central-1,Middle East (Israel) - ???,31.5313113,34.8667654,15.572678754955476,12.152580085578961,907.7986433690554
Xiangyang,Xiangyang,32.0654,112.1531,China,CN,CHN,Hubei,minor,5680000.0,1156107325,13,812.3644079179929,66.61887741339669,aws,cn-northwest-1,China (Ningxia),37.3095528,105.96085530747736,15.552461966753656,9.148143210498574,907.7986433690554
Nairobi,Nairobi,-1.2864,36.8172,Kenya,KE,KEN,Nairobi City,primary,5545000.0,1404000661,41,2870.044949387855,23.811001250489834,azure,southafricanorth,"Johannesburg, South Africa North, Africa",-25.73134,28.21837,15.52840735910924,34.78067294572634,907.7986433690554
Ankara,Ankara,39.93,32.85,Turkey,TR,TUR,Ankara,primary,5503985.0,1792572891,21,951.3899331780508,62.14530172723536,aws,il-central-1,Middle East (Israel) - ???,31.5313113,34.8667654,15.52098311498743,17.314356874807572,907.7986433690554
Rangoon,Rangoon,16.8,96.15,Myanmar,MM,MMR,Yangon,primary,5430000.0,1104616656,66,1768.8506274853155,41.29514226080784,azure,southindia,"Chennai, South India, Asia Pacific",12.9822,80.1636,15.507449876072164,10.05736277844619,907.7986433690554
Suihua,Suihua,46.6384,126.9808,China,CN,CHN,Heilongjiang,minor,5420000.0,1156235493,3,1008.7307544096108,60.38886953777022,aws,ap-northeast-2,Asia Pacific (Seoul),37.5666791,126.9782914,15.505606557917657,7.282976724989453,907.7986433690554
Qiqihar,Qiqihar,47.3398,123.9512,China,CN,CHN,Heilongjiang,minor,5367003.0,1156775905,12,1025.3492711039185,59.8891617949938,aws,cn-north-1,China (Beijing),39.906217,116.3912757,15.49578039645401,6.566890380367681,907.7986433690554
Guadalajara,Guadalajara,20.6767,-103.3475,Mexico,MX,MEX,Jalisco,admin,5253000.0,1484950208,31,1087.270746206044,58.06335911716401,azure,southcentralus,"Texas, South Central US, US",29.4167,-98.5,15.47431009030349,19.35322707909586,907.7986433690554
Suzhou,Suzhou,31.304,120.6164,China,CN,CHN,Jiangsu,minor,5250000.0,1156029196,76,803.7973496018582,66.90485337318388,gcp,asia-east1,"Changhua County, Taiwan, APAC",24.0755667,120.5444667,15.473738825043979,8.681176042077936,907.7986433690554
Zhaotong,Zhaotong,27.3328,103.7144,China,CN,CHN,Yunnan,,5213521.0,1156924687,13,1129.1602234979716,56.85988446152147,aws,cn-northwest-1,China (Ningxia),37.3095528,105.96085530747736,15.466766193016825,12.466151205840333,907.7986433690554
Pudong,Pudong,31.2231,121.5397,China,CN,CHN,Shanghai,minor,5187200.0,1156644508,76,800.7788859828089,67.00590454174423,gcp,asia-east1,"Changhua County, Taiwan, APAC",24.0755667,120.5444667,15.46170480330571,7.474842477852917,907.7986433690554
Taizhou,Taizhou,32.4831,119.9,China,CN,CHN,Jiangsu,minor,5031000.0,1156119229,45,856.76703186429,65.15614826659434,azure,koreacentral,"Seoul, Korea Central, Asia Pacific",37.5665,126.978,15.431129528241076,9.009875486767442,907.7986433690554
Abidjan,Abidjan,5.3364,-4.0267,Côte D’Ivoire,CI,CIV,Abidjan,primary,4980000.0,1384207980,89,3900.890919745184,14.221070831065768,gcp,europe-southwest1,"Madrid, Spain, Europe",40.4167047,-3.7035825,15.42094064980403,64.80933033520193,907.7986433690554
Xiaoganzhan,Xiaoganzhan,30.9273,113.911,China,CN,CHN,Hubei,,4921000.0,1156002290,1,961.9367322141046,61.81844729750596,aws,ap-east-1,Asia Pacific (Hong Kong),22.2793278,114.1628131,15.409022523058825,9.86883820054095,907.7986433690554
Huai’an,Huai'an,33.5,119.1331,China,CN,CHN,Jiangsu,,4799889.0,1156634228,12,752.9976556996196,68.62599220859958,aws,cn-north-1,China (Beijing),39.906217,116.3912757,15.384103558948862,8.968793859740344,907.7986433690554
Jiujiang,Jiujiang,29.7048,116.0021,China,CN,CHN,Jiangxi,minor,4728778.0,1156206041,76,770.9879026276118,68.01146097160493,gcp,asia-east1,"Changhua County, Taiwan, APAC",24.0755667,120.5444667,15.369177587609487,9.735042041236511,907.7986433690554
Anqing,Anqing,30.5,117.0333,China,CN,CHN,Anhui,minor,4723000.0,1156238875,76,794.0247986538449,67.23256891949556,gcp,asia-east1,"Changhua County, Taiwan, APAC",24.0755667,120.5444667,15.367954960608065,10.32886538299033,907.7986433690554
Changzhou,Changzhou,31.8122,119.9692,China,CN,CHN,Jiangsu,minor,4592431.0,1156185511,76,862.1243046888039,64.98185217750628,gcp,asia-east1,"Changhua County, Taiwan, APAC",24.0755667,120.5444667,15.33992028921166,9.259036295847977,907.7986433690554
Wuxi,Wuxi,31.5667,120.2833,China,CN,CHN,Jiangsu,minor,4580000.0,1156019650,76,833.371997162691,65.92278859400137,gcp,asia-east1,"Changhua County, Taiwan, APAC",24.0755667,120.5444667,15.337209774430955,9.008183677466263,907.7986433690554
Yangzhou,Yangzhou,32.3912,119.4363,China,CN,CHN,Jiangsu,,4459000.0,1156818601,12,879.0618334601045,64.43385986611908,aws,cn-north-1,China (Beijing),39.906217,116.3912757,15.31043530787512,9.491058746396675,907.7986433690554
Harbin,Harbin,45.75,126.6333,China,CN,CHN,Heilongjiang,admin,4458000.0,1156241528,3,910.3936824910792,63.43230947104922,aws,ap-northeast-2,Asia Pacific (Seoul),37.5666791,126.9782914,15.310211017243763,7.437818276299026,907.7986433690554
Yibin,Yibin,28.7596,104.64,China,CN,CHN,Sichuan,minor,4456000.0,1156107603,13,958.6195151202376,61.921064980309694,aws,cn-northwest-1,China (Ningxia),37.3095528,105.96085530747736,15.30976228500575,11.393771478976305,907.7986433690554
Casablanca,Casablanca,33.5992,-7.62,Morocco,MA,MAR,Casablanca-Settat,admin,4370000.0,1504175315,89,833.7909332600271,65.90898132225345,gcp,europe-southwest1,"Madrid, Spain, Europe",40.4167047,-3.7035825,15.2902737959047,20.723665453764625,907.7986433690554
Guiyang,Guiyang,26.5794,106.7078,China,CN,CHN,Guizhou,admin,4365000.0,1156932620,1,893.1373507045772,63.98198188249663,aws,ap-east-1,Asia Pacific (Hong Kong),22.2793278,114.1628131,15.289128976350888,11.778627314531036,907.7986433690554
İzmir,Izmir,38.4127,27.1384,Turkey,TR,TUR,İzmir,admin,4320519.0,1792725579,21,1039.062447106736,59.47993105336786,aws,il-central-1,Middle East (Israel) - ???,31.5313113,34.8667654,15.278886323346732,14.132156276351566,907.7986433690554
Luzhou,Luzhou,28.8918,105.4409,China,CN,CHN,Sichuan,minor,4291000.0,1156582079,13,937.2598178480588,62.58591651922971,aws,cn-northwest-1,China (Ningxia),37.3095528,105.96085530747736,15.272030597019544,11.170666678691077,907.7986433690554
Neijiang,Neijiang,29.5872,105.0635,China,CN,CHN,Sichuan,minor,4238000.0,1156516335,13,862.7002490281693,64.96314190669267,aws,cn-northwest-1,China (Ningxia),37.3095528,105.96085530747736,15.259602253770712,10.668599025497656,907.7986433690554
Yanjiang,Yanjiang,30.1256,104.6397,China,CN,CHN,Sichuan,minor,4217000.0,1156217114,13,808.0836351446177,66.76162025963608,aws,cn-northwest-1,China (Ningxia),37.3095528,105.96085530747736,15.254634769864072,10.136471385639993,907.7986433690554
Xiaoxita,Xiaoxita,30.7083,111.2803,China,CN,CHN,Hubei,minor,4137900.0,1156764447,13,882.341358070167,64.32829022975291,aws,cn-northwest-1,China (Ningxia),37.3095528,105.96085530747736,15.23569921240017,9.272273064837464,907.7986433690554
Chuzhou,Chuzhou,32.3062,118.3115,China,CN,CHN,Anhui,,4110000.0,1156036420,12,862.4456231136326,64.97141308290504,aws,cn-north-1,China (Beijing),39.906217,116.3912757,15.22893382978139,10.195218732226522,907.7986433690554
Jeddah,Jeddah,21.5428,39.1728,Saudi Arabia,SA,SAU,Makkah al Mukarramah,,3976000.0,1682926944,21,1190.067652229961,55.15439089646048,aws,il-central-1,Middle East (Israel) - ???,31.5313113,34.8667654,15.195787098267624,13.005030834829313,907.7986433690554
Wuhu,Wuhu,31.334,118.3622,China,CN,CHN,Anhui,minor,3842100.0,1156315512,76,835.1376907423219,65.86461455487583,gcp,asia-east1,"Changhua County, Taiwan, APAC",24.0755667,120.5444667,15.161529910356569,10.302538552902547,907.7986433690554
Guang’an,Guang'an,30.4673,106.6336,China,CN,CHN,Sichuan,minor,3723000.0,1156377302,13,763.3477811803297,68.27176575591207,aws,cn-northwest-1,China (Ningxia),37.3095528,105.96085530747736,15.130040621455409,9.68968755525816,907.7986433690554
Kabul,Kabul,34.5328,69.1658,Afghanistan,AF,AFG,Kābul,primary,3678034.0,1004993580,82,1004.2539465099188,60.52419562258795,gcp,asia-south2,"Delhi, India APAC",28.6517178,77.2219388,15.117889200142454,11.266282713604028,907.7986433690554
Suining,Suining,30.5098,105.5737,China,CN,CHN,Sichuan,minor,3556000.0,1156655650,13,756.9403717947263,68.49083906797347,aws,cn-northwest-1,China (Ningxia),37.3095528,105.96085530747736,15.08414715683074,9.722078538735218,907.7986433690554
Bengbu,Bengbu,32.9354,117.3531,China,CN,CHN,Anhui,,3525000.0,1156440668,12,779.8680254909324,67.7101553096569,aws,cn-north-1,China (Beijing),39.906217,116.3912757,15.07539127791641,10.271736576988928,907.7986433690554
Baicheng,Baicheng,23.901,106.6194,China,CN,CHN,Guangxi,minor,3466758.0,1156981113,1,792.2621679091563,67.29184813401108,aws,ap-east-1,Asia Pacific (Hong Kong),22.2793278,114.1628131,15.05873070970418,11.889070158190634,907.7986433690554
Leshan,Leshan,29.5854,103.7575,China,CN,CHN,Sichuan,,3364000.0,1156203130,13,882.7973162030887,64.31362639778617,aws,cn-northwest-1,China (Ningxia),37.3095528,105.96085530747736,15.028641597340092,10.619085102321947,907.7986433690554
Santa Cruz,Santa Cruz,-17.7892,-63.1975,Bolivia,BO,BOL,Santa Cruz,admin,3151676.0,1068129363,99,1820.834268998646,40.23563523079567,gcp,southamerica-east1,"Osasco, São Paulo, Brazil, South America",-23.5324859,-46.7916801,14.963445250089736,20.44061162934156,907.7986433690554
Zhenjiang,Zhenjiang,32.2109,119.4551,China,CN,CHN,Jiangsu,minor,3113384.0,1156934125,12,898.7440954550655,63.80286774109516,aws,cn-north-1,China (Beijing),39.906217,116.3912757,14.951221116688295,9.562126803089313,907.7986433690554
Ürümqi,Urumqi,43.8225,87.6125,China,CN,CHN,Xinjiang,admin,3112559.0,1156051276,13,1705.7630533555507,42.61850971716597,aws,cn-northwest-1,China (Ningxia),37.3095528,105.96085530747736,14.950956096677732,11.532276089362426,907.7986433690554
Tongren,Tongren,27.7233,109.1885,China,CN,CHN,Guizhou,,3093204.0,1156803442,1,785.7428190589025,67.51155554316306,aws,ap-east-1,Asia Pacific (Hong Kong),22.2793278,114.1628131,14.944718328164695,10.126375828198434,907.7986433690554
Addis Ababa,Addis Ababa,9.0272,38.7369,Ethiopia,ET,ETH,Ādīs Ābeba,primary,3041002.0,1231824991,23,2274.922111468955,32.06320561754603,aws,me-south-1,Middle East (Bahrain),26.1551249,50.5344606,14.927697953176608,30.689350131769174,907.7986433690554
Meishan,Meishan,30.0575,103.8381,China,CN,CHN,Sichuan,,3020000.0,1156185501,13,829.8946344672623,66.03750701741099,aws,cn-northwest-1,China (Ningxia),37.3095528,105.96085530747736,14.920767720476825,10.11584847778056,907.7986433690554
Brasília,Brasilia,-15.7939,-47.8828,Brazil,BR,BRA,Distrito Federal,primary,3015268.0,1076144436,99,868.0286346481961,64.79029791820078,gcp,southamerica-east1,"Osasco, São Paulo, Brazil, South America",-23.5324859,-46.7916801,14.919199604727353,14.28774288009231,907.7986433690554
Mashhad,Mashhad,36.3069,59.6042,Iran,IR,IRN,Khorāsān-e Raẕavī,admin,3001184.0,1364123206,56,1293.7161512363168,52.36885845529466,azure,uaenorth,"Dubai, UAE North, Middle East",25.266666,55.316666,14.91451776864042,11.932555244153605,907.7986433690554
Sanaa,Sanaa,15.35,44.2,Yemen,YE,YEM,Amānat al ‘Āşimah,primary,2957000.0,1887750814,23,1369.482845915291,50.42205925891837,aws,me-south-1,Middle East (Bahrain),26.1551249,50.5344606,14.899686137015145,16.251121687719433,907.7986433690554
Quezon City,Quezon City,14.6333,121.0333,Philippines,PH,PHL,Quezon,admin,2936116.0,1608974097,76,1051.181457621181,59.120601876443935,gcp,asia-east1,"Changhua County, Taiwan, APAC",24.0755667,120.5444667,14.892598518058788,55.16429467571572,907.7986433690554
Daqing,Daqing,46.5979,125.008,China,CN,CHN,Heilongjiang,,2904532.0,1156403962,3,1017.2128405377766,60.133300065104415,aws,ap-northeast-2,Asia Pacific (Seoul),37.5666791,126.9782914,14.881783178030332,7.03442618052884,907.7986433690554
Bursa,Bursa,40.1833,29.0667,Turkey,TR,TUR,Bursa,admin,2901396.0,1792903330,21,1094.2424396515833,57.861311505167656,aws,il-central-1,Middle East (Israel) - ???,31.5313113,34.8667654,14.88070290310281,16.932859617998247,907.7986433690554
Huzhou,Huzhou,30.8695,120.0958,China,CN,CHN,Zhejiang,minor,2893542.0,1156335543,76,756.7448476877943,68.49753520035287,gcp,asia-east1,"Changhua County, Taiwan, APAC",24.0755667,120.5444667,14.877992260780719,9.170381960180748,907.7986433690554
Salvador,Salvador,-12.9708,-38.5108,Brazil,BR,BRA,Bahia,admin,2886698.0,1076923789,75,1210.6698719354456,54.58915572996435,azure,brazilsoutheast,"Rio, Brazil Southeast, South America",-22.90278,-43.2075,14.875624192731566,21.102248893172487,907.7986433690554
La Paz,La Paz,-16.4942,-68.1475,Bolivia,BO,BOL,La Paz,primary,2867504.0,1068000064,100,1900.659077092983,38.6613598376654,gcp,southamerica-west1,"Santiago, Chile, South America",-33.4377756,-70.6504502,14.868952871663305,26.816539011554482,907.7986433690554
Kano,Kano,12.0,8.5167,Nigeria,NG,NGA,Kano,admin,2828861.0,1566422868,89,3378.7968251942216,18.4630562010398,gcp,europe-southwest1,"Madrid, Spain, Europe",40.4167047,-3.7035825,14.855385068606093,69.7658386691387,907.7986433690554
Omdurman,Omdurman,15.6835,32.4629,Sudan,SD,SDN,Khartoum,,2805396.0,1729912179,21,1778.9684930085612,41.08676045193134,aws,il-central-1,Middle East (Israel) - ???,31.5313113,34.8667654,14.847055619900914,32.60600861055843,907.7986433690554
Zigong,Zigong,29.3498,104.7645,China,CN,CHN,Sichuan,,2800000.0,1156023354,13,892.0113593471398,64.01801360371228,aws,cn-northwest-1,China (Ningxia),37.3095528,105.96085530747736,14.845130332288226,10.891991430869894,907.7986433690554
Mudanjiang,Mudanjiang,44.5861,129.5997,China,CN,CHN,Heilongjiang,minor,2790000.0,1156249698,3,810.7405930278579,66.67298773926645,aws,ap-northeast-2,Asia Pacific (Seoul),37.5666791,126.9782914,14.841552512220423,6.869015252427175,907.7986433690554
Guayaquil,Guayaquil,-2.1833,-79.8833,Ecuador,EC,ECU,Guayas,admin,2723665.0,1218802178,100,3605.81026553001,16.48193698748784,gcp,southamerica-west1,"Santiago, Chile, South America",-33.4377756,-70.6504502,14.817489324930623,57.22155849006356,907.7986433690554
Ibadan,Ibadan,7.3964,3.9167,Nigeria,NG,NGA,Oyo,admin,2628000.0,1566366407,89,3748.932028931451,15.343687804658485,gcp,europe-southwest1,"Madrid, Spain, Europe",40.4167047,-3.7035825,14.78173403910407,74.65313712447562,907.7986433690554
Antananarivo,Antananarivo,-18.9386,47.5214,Madagascar,MG,MDG,Antananarivo,primary,2610000.0,1450978461,41,2121.2754545128896,34.623493645278785,azure,southafricanorth,"Johannesburg, South Africa North, Africa",-25.73134,28.21837,14.774861162440565,6.38889223205058,907.7986433690554
Santo Domingo,Santo Domingo,18.4764,-69.8933,Dominican Republic,DO,DOM,Ozama,primary,2581827.0,1214636202,103,1922.128431943664,38.248562199720894,gcp,us-east1,"Moncks Corner, South Carolina, North America",33.1973235,-80.01094796275407,14.764008233142734,58.86274640965382,907.7986433690554
Chattogram,Chattogram,22.335,91.8325,Bangladesh,BD,BGD,Chittagong,admin,2581643.0,1050830722,64,1322.4449091103588,51.621989325624185,azure,jioindiacentral,"Nagpur, Jio India Central, Asia Pacific",21.146633,79.08886,14.763936963268481,13.659200506663183,907.7986433690554
Xuanzhou,Xuanzhou,30.9475,118.7518,China,CN,CHN,Anhui,,2580000.0,1156424311,76,784.2671708484042,67.56138557686512,gcp,asia-east1,"Changhua County, Taiwan, APAC",24.0755667,120.5444667,14.763300344494624,10.071619632555326,907.7986433690554
Medellín,Medellin,6.2447,-75.5748,Colombia,CO,COL,Antioquia,admin,2529403.0,1170680389,103,3031.840212930288,21.96060309316162,gcp,us-east1,"Moncks Corner, South Carolina, North America",33.1973235,-80.01094796275407,14.743494259829466,76.43907974504691,907.7986433690554
Baoshan,Baoshan,25.1211,99.169,China,CN,CHN,Yunnan,,2506491.0,1156546994,13,1500.1825350652464,47.232344297854304,aws,cn-northwest-1,China (Ningxia),37.3095528,105.96085530747736,14.734394723979026,13.048149383980217,907.7986433690554
Huangshi,Huangshi,30.2018,115.0326,China,CN,CHN,Hubei,minor,2471700.0,1156234290,76,872.3340932888673,64.6509719635387,gcp,asia-east1,"Changhua County, Taiwan, APAC",24.0755667,120.5444667,14.720417135551553,9.941141328289177,907.7986433690554
Cali,Cali,3.44,-76.5197,Colombia,CO,COL,Valle del Cauca,admin,2471474.0,1170417589,103,3328.7126533471846,18.931247416283785,gcp,us-east1,"Moncks Corner, South Carolina, North America",33.1973235,-80.01094796275407,14.720325696363405,71.91466037401369,907.7986433690554
Fortaleza,Fortaleza,-3.7275,-38.5275,Brazil,BR,BRA,Ceará,admin,2452185.0,1076567885,75,2190.866485951112,33.43947014057727,azure,brazilsoutheast,"Rio, Brazil Southeast, South America",-22.90278,-43.2075,14.712490429605005,25.311561016550172,907.7986433690554
Guatemala City,Guatemala City,14.6099,-90.5252,Guatemala,GT,GTM,Guatemala,primary,2450212.0,1320197916,31,1838.7130892614573,39.8775552819333,azure,southcentralus,"Texas, South Central US, US",29.4167,-98.5,14.711685517517463,52.28462065605163,907.7986433690554
Douala,Douala,4.05,9.7,Cameroon,CM,CMR,Littoral,admin,2446945.0,1120494607,41,3866.788840610067,14.46563397513558,azure,southafricanorth,"Johannesburg, South Africa North, Africa",-25.73134,28.21837,14.710351274343141,72.4307781157861,907.7986433690554
Yaoundé,Yaounde,3.8578,11.5181,Cameroon,CM,CMR,Centre,primary,2440462.0,1120298240,41,3750.440813341911,15.332117011186122,azure,southafricanorth,"Johannesburg, South Africa North, Africa",-25.73134,28.21837,14.707698333366713,71.32419913417004,907.7986433690554
Lincang,Lincang,23.8864,100.0871,China,CN,CHN,Yunnan,,2429497.0,1156044130,1,1450.261420753718,48.426126684564366,aws,ap-east-1,Asia Pacific (Hong Kong),22.2793278,114.1628131,14.703195209613103,13.818515243057846,907.7986433690554
Tashkent,Tashkent,41.3,69.2667,Uzbekistan,UZ,UZB,Toshkent,primary,2424100.0,1860331871,82,1580.4568760277937,45.374113171950405,gcp,asia-south2,"Delhi, India APAC",28.6517178,77.2219388,14.700971291969978,16.616731495456065,907.7986433690554
Huainan,Huainan,32.4831,117.0164,China,CN,CHN,Anhui,,2409000.0,1156877299,12,827.3111353107007,66.1228660586349,aws,cn-north-1,China (Beijing),39.906217,116.3912757,14.694722696706926,10.507249550289316,907.7986433690554
Jiamusi,Jiamusi,46.8081,130.3653,China,CN,CHN,Heilongjiang,minor,2360000.0,1156350864,3,1064.5371493220632,58.72711888215307,aws,ap-northeast-2,Asia Pacific (Seoul),37.5666791,126.9782914,14.674172600730516,6.503689153419714,907.7986433690554
Yuxi,Yuxi,24.3495,102.5432,China,CN,CHN,Yunnan,minor,2303518.0,1156682309,1,1208.254645840568,54.65511812718204,aws,ap-east-1,Asia Pacific (Hong Kong),22.2793278,114.1628131,14.649948511641869,14.075600434903322,907.7986433690554
Anshun,Anshun,26.2456,105.934,China,CN,CHN,Guizhou,,2297612.0,1156415948,1,943.2497460514696,62.39875435786026,aws,ap-east-1,Asia Pacific (Hong Kong),22.2793278,114.1628131,14.647381315898029,12.215893491008387,907.7986433690554
Accra,Accra,5.6037,-0.187,Ghana,GH,GHA,Greater Accra,primary,2291352.0,1288299415,89,3886.927778495712,14.320703633461228,gcp,europe-southwest1,"Madrid, Spain, Europe",40.4167047,-3.7035825,14.6446530307536,70.42022215945258,907.7986433690554
Ma’anshan,Ma'anshan,31.7135,118.3605,China,CN,CHN,Anhui,minor,2202899.0,1156847452,76,875.9284807475102,64.53488598787061,gcp,asia-east1,"Changhua County, Taiwan, APAC",24.0755667,120.5444667,14.605285232107812,10.309251828923038,907.7986433690554
Baku,Baku,40.3667,49.8352,Azerbaijan,AZ,AZE,Bakı,primary,2181800.0,1031946365,23,1581.5784130923162,45.34867592997333,aws,me-south-1,Middle East (Bahrain),26.1551249,50.5344606,14.59566124048284,18.63367455614548,907.7986433690554
Harare,Harare,-17.8292,31.0522,Zimbabwe,ZW,ZWE,Harare,primary,2150000.0,1716196799,41,926.0109848136124,62.93891756372777,azure,southafricanorth,"Johannesburg, South Africa North, Africa",-25.73134,28.21837,14.580978865220017,19.303473418539852,907.7986433690554
Havana,Havana,23.1367,-82.3589,Cuba,CU,CUB,La Habana,primary,2141652.0,1192752771,103,1142.0117817719145,56.495686782304446,gcp,us-east1,"Moncks Corner, South Carolina, North America",33.1973235,-80.01094796275407,14.57708851873413,44.57767258803028,907.7986433690554
Phnom Penh,Phnom Penh,11.5696,104.921,Cambodia,KH,KHM,Phnom Penh,primary,2129371.0,1116260534,7,1142.064130604316,56.49420806003748,aws,ap-southeast-1,Asia Pacific (Singapore),1.357107,103.8194992,14.571337658532272,9.392527000233144,907.7986433690554
Mogadishu,Mogadishu,2.0408,45.3425,Somalia,SO,SOM,Banaadir,primary,2120000.0,1706893395,22,2613.2851671404223,27.07274771173287,aws,me-central-1,Middle East (United Arab Emirates) - ???,24.0002488,53.9994829,14.566927118346197,19.35660722042553,907.7986433690554
Haiphong,Haiphong,20.8,106.6667,Vietnam,VN,VNM,Hải Phòng,admin,2103500.0,1704000623,1,792.473847565926,67.28472635324356,aws,ap-east-1,Asia Pacific (Hong Kong),22.2793278,114.1628131,14.559113657410746,11.84640798760097,907.7986433690554
Kumasi,Kumasi,6.6833,-1.6167,Ghana,GH,GHA,Ashanti,admin,2069350.0,1288181103,89,3756.7385335023614,15.283914251685635,gcp,europe-southwest1,"Madrid, Spain, Europe",40.4167047,-3.7035825,14.542745589511773,69.38154919297449,907.7986433690554
Perth,Perth,-31.9522,115.8589,Australia,AU,AUS,Western Australia,admin,2059484.0,1036178956,62,2721.6005788791103,25.64554562131804,azure,australiasoutheast,"Victoria, Australia Southeast, Asia Pacific",-37.8136,144.9631,14.537966509510554,0.711412154042705,907.7986433690554
Quito,Quito,-0.2186,-78.5097,Ecuador,EC,ECU,Pichincha,primary,2011388.0,1218441993,103,3719.0077588286986,15.574988192600484,gcp,us-east1,"Moncks Corner, South Carolina, North America",33.1973235,-80.01094796275407,14.51433608614988,63.27874715142548,907.7986433690554
Bamako,Bamako,12.6458,-7.9922,Mali,ML,MLI,Bamako,primary,2009109.0,1466965925,89,3116.310265891198,21.052410213815417,gcp,europe-southwest1,"Madrid, Spain, Europe",40.4167047,-3.7035825,14.513202395906909,57.52108901339864,907.7986433690554
Kananga,Kananga,-5.897,22.4488,Congo (Kinshasa),CD,COD,Kasaï Central,admin,1971704.0,1180172460,41,2289.192180318798,31.83524775238521,azure,southafricanorth,"Johannesburg, South Africa North, Africa",-25.73134,28.21837,14.494409208633884,52.26566129623927,907.7986433690554
Peshawar,Peshawar,34.0,71.5,Pakistan,PK,PAK,Khyber Pakhtunkhwa,admin,1970042.0,1586851102,82,805.3232538574189,66.8538276405148,gcp,asia-south2,"Delhi, India APAC",28.6517178,77.2219388,14.493565927887124,11.15634128980173,907.7986433690554
Sapporo,Sapporo,43.0621,141.3544,Japan,JP,JPN,Hokkaidō,admin,1961690.0,1392000195,78,831.8646595034004,65.97249127225498,gcp,asia-northeast1,"Tokyo, Japan, APAC",35.6828387,139.7594549,14.489317414349483,2.1751703909927755,907.7986433690554
Jixi,Jixi,45.2937,130.965,China,CN,CHN,Heilongjiang,minor,1950000.0,1156393765,3,920.9387310267728,63.09874122608334,aws,ap-northeast-2,Asia Pacific (Seoul),37.5666791,126.9782914,14.48334044336031,6.398557855023682,907.7986433690554
Caracas,Caracas,10.5,-66.9333,Venezuela,VE,VEN,Distrito Capital,primary,1943901.0,1862748204,103,2855.659207034222,23.98288815417212,gcp,us-east1,"Moncks Corner, South Carolina, North America",33.1973235,-80.01094796275407,14.480207851209185,69.28409562284526,907.7986433690554
Almaty,Almaty,43.25,76.9,Kazakhstan,KZ,KAZ,Almaty,,1916822.0,1398351701,82,1623.512195488641,44.40775375192402,gcp,asia-south2,"Delhi, India APAC",28.6517178,77.2219388,14.466179685996554,16.141245899754495,907.7986433690554
Blantyre,Blantyre,-15.7861,35.0058,Malawi,MW,MWI,Blantyre,admin,1895973.0,1454145012,41,1311.15358914964,51.91425376139086,azure,southafricanorth,"Johannesburg, South Africa North, Africa",-25.73134,28.21837,14.45524324862291,19.960499160082122,907.7986433690554
Bucharest,Bucharest,44.4,26.0833,Romania,RO,ROU,Bucureşti,primary,1883425.0,1642414442,87,947.7580512974948,62.25825645340325,gcp,europe-central2,"Warsaw, Poland, Europe",52.2319581,21.0067249,14.448603016783883,17.225842051185282,907.7986433690554
Asunción,Asuncion,-25.3,-57.6333,Paraguay,PY,PRY,Asunción,primary,1870000.0,1600057911,99,1114.8296167915637,57.26876591274996,gcp,southamerica-east1,"Osasco, São Paulo, Brazil, South America",-23.5324859,-46.7916801,14.441449523589984,7.988097943327261,907.7986433690554
Saidu Sharif,Saidu Sharif,34.75,72.3572,Pakistan,PK,PAK,Khyber Pakhtunkhwa,minor,1860310.0,1586619596,82,819.2465791365685,66.39003012040222,gcp,asia-south2,"Delhi, India APAC",28.6517178,77.2219388,14.436254236013378,11.573327446975213,907.7986433690554
Meru,Meru,0.05,37.65,Kenya,KE,KEN,Meru,admin,1833000.0,1404588252,41,3040.268151212934,21.868256498905403,azure,southafricanorth,"Johannesburg, South Africa North, Africa",-25.73134,28.21837,14.42146507237543,33.614404183285615,907.7986433690554
Brazzaville,Brazzaville,-4.2667,15.2833,Congo (Brazzaville),CG,COG,Brazzaville,primary,1827000.0,1178340306,41,2756.57349595756,25.200993995599923,azure,southafricanorth,"Johannesburg, South Africa North, Africa",-25.73134,28.21837,14.418186382705368,59.490518291373405,907.7986433690554
Manaus,Manaus,-3.1,-60.0167,Brazil,BR,BRA,Amazonas,admin,1802014.0,1076607274,99,2680.26411915789,26.181109163474343,gcp,southamerica-east1,"Osasco, São Paulo, Brazil, South America",-23.5324859,-46.7916801,14.404416041200125,45.82899886430232,907.7986433690554
Lubumbashi,Lubumbashi,-11.6697,27.4581,Congo (Kinshasa),CD,COD,Haut-Katanga,admin,1786397.0,1180506234,41,1565.6204350321025,45.71195990984495,azure,southafricanorth,"Johannesburg, South Africa North, Africa",-25.73134,28.21837,14.395711859937373,35.965065495943804,907.7986433690554
Heihe,Heihe,50.2458,127.4886,China,CN,CHN,Heilongjiang,minor,1750000.0,1156339225,3,1410.4393204253074,49.40000501812936,aws,ap-northeast-2,Asia Pacific (Seoul),37.5666791,126.9782914,14.375126917328105,5.4273265059968026,907.7986433690554
Lusaka,Lusaka,-15.4167,28.2833,Zambia,ZM,ZMB,Lusaka,primary,1742979.0,1894157390,41,1146.957063653596,56.35616579792004,azure,southafricanorth,"Johannesburg, South Africa North, Africa",-25.73134,28.21837,14.37110684996702,26.530999834794898,907.7986433690554
Diyarbakır,Diyarbakir,37.9108,40.2367,Turkey,TR,TUR,Diyarbakır,admin,1732396.0,1792536241,21,862.2112246562535,64.97902812863525,aws,il-central-1,Middle East (Israel) - ???,31.5313113,34.8667654,14.365016556619423,16.931370602596417,907.7986433690554
Mosul,Mosul,36.3667,43.1167,Iraq,IQ,IRQ,Nīnawá,admin,1694000.0,1368194914,21,931.1555066540054,62.77723028580293,aws,il-central-1,Middle East (Israel) - ???,31.5313113,34.8667654,14.342603744512735,16.185898099201836,907.7986433690554
Patna,Patna,25.61,85.1414,India,IN,IND,Bihār,admin,1684222.0,1356821429,64,792.2059358334106,67.2937401407595,azure,jioindiacentral,"Nagpur, Jio India Central, Asia Pacific",21.146633,79.08886,14.336814887820134,10.082217410173712,907.7986433690554
Sanzhou,Sanzhou,30.82,108.4,China,CN,CHN,Chongqing,,1680000.0,1156025536,13,755.689525445856,68.53368822399398,aws,cn-northwest-1,China (Ningxia),37.3095528,105.96085530747736,14.33430494661736,9.137389281332844,907.7986433690554
Mecca,Mecca,21.4225,39.8261,Saudi Arabia,SA,SAU,Makkah al Mukarramah,admin,1675368.0,1682169241,23,1209.3069638050474,54.62636840997829,aws,me-south-1,Middle East (Bahrain),26.1551249,50.5344606,14.331543997486614,12.50999687570868,907.7986433690554
Conakry,Conakry,9.5092,-13.7122,Guinea,GN,GIN,Conakry,primary,1667864.0,1324568159,89,3575.9695593268,16.729697044626356,gcp,europe-southwest1,"Madrid, Spain, Europe",40.4167047,-3.7035825,14.327054923373597,46.83289014665036,907.7986433690554
Kampala,Kampala,0.3136,32.5811,Uganda,UG,UGA,Kampala,primary,1659600.0,1800406299,41,2933.7158080844606,23.064906931438397,azure,southafricanorth,"Johannesburg, South Africa North, Africa",-25.73134,28.21837,14.3220877699955,44.529962082977704,907.7986433690554
Ecatepec,Ecatepec,19.6097,-99.06,Mexico,MX,MEX,México,minor,1656107.0,1484003694,31,1091.9551278806368,57.92752278885713,azure,southcentralus,"Texas, South Central US, US",29.4167,-98.5,14.319980829192085,32.79232329198214,907.7986433690554
Yushan,Yushan,31.3867,120.9766,China,CN,CHN,Jiangsu,minor,1651200.0,1156245000,76,814.0711126506862,66.56205228608943,gcp,asia-east1,"Changhua County, Taiwan, APAC",24.0755667,120.5444667,14.317013459889353,8.23225081550811,907.7986433690554
Makassar,Makassar,-5.1331,119.4136,Indonesia,ID,IDN,Sulawesi Selatan,admin,1651146.0,1360051337,9,1397.5052583929971,49.72051162884474,aws,ap-southeast-3,Asia Pacific (Jakarta),-6.1753942,106.827183,14.316980755886016,11.04466891697382,907.7986433690554
Davao,Davao,7.0667,125.6,Philippines,PH,PHL,Davao,admin,1632991.0,1608906877,76,1966.6189893135968,37.40710618548391,gcp,asia-east1,"Changhua County, Taiwan, APAC",24.0755667,120.5444667,14.305924472981632,43.607300384516066,907.7986433690554
Ouagadougou,Ouagadougou,12.3572,-1.5353,Burkina Faso,BF,BFA,Centre,primary,1626950.0,1854029208,89,3127.283313119437,20.93722194856093,gcp,europe-southwest1,"Madrid, Spain, Europe",40.4167047,-3.7035825,14.302218268968307,66.909296930653,907.7986433690554
Novosibirsk,Novosibirsk,55.0333,82.9167,Russia,RU,RUS,Novosibirskaya Oblast’,admin,1602915.0,1643399240,13,2627.39831353944,26.88237934988561,aws,cn-northwest-1,China (Ningxia),37.3095528,105.96085530747736,14.287335028471945,16.68273376906359,907.7986433690554
Karaj,Karaj,35.8327,50.9915,Iran,IR,IRN,Alborz,admin,1592492.0,1364258511,23,1076.9758346255749,58.36300824493852,aws,me-south-1,Middle East (Bahrain),26.1551249,50.5344606,14.280811270814398,15.900130280983603,907.7986433690554
Caloocan City,Caloocan City,14.65,120.9667,Philippines,PH,PHL,Caloocan,admin,1583978.0,1608897690,76,1049.009343198988,59.18484511203616,gcp,asia-east1,"Changhua County, Taiwan, APAC",24.0755667,120.5444667,14.275450593692868,55.02315916147154,907.7986433690554
Puebla,Puebla,19.0333,-98.1833,Mexico,MX,MEX,Puebla,admin,1576259.0,1484416394,31,1155.0275706628163,56.12921259718851,azure,southcentralus,"Texas, South Central US, US",29.4167,-98.5,14.270565510412435,34.783581767879696,907.7986433690554
Tabrīz,Tabriz,38.0833,46.2833,Iran,IR,IRN,Āz̄arbāyjān-e Sharqī,admin,1558693.0,1364141756,21,1270.097888994451,52.99095515262676,aws,il-central-1,Middle East (Israel) - ???,31.5313113,34.8667654,14.259358849108086,18.58409320236808,907.7986433690554
Jamshedpur,Jamshedpur,22.8,86.1833,India,IN,IND,Jharkhand,,1558000.0,1356501259,64,754.2091586987832,68.58443449900213,azure,jioindiacentral,"Nagpur, Jio India Central, Asia Pacific",21.146633,79.08886,14.258914147261148,11.535724569499394,907.7986433690554
Recife,Recife,-8.0539,-34.8808,Brazil,BR,BRA,Pernambuco,admin,1555039.0,1076137337,75,1875.3193964280708,39.15430929510076,azure,brazilsoutheast,"Rio, Brazil Southeast, South America",-22.90278,-43.2075,14.257011826737298,23.707361575990376,907.7986433690554
Maracaibo,Maracaibo,10.6333,-71.6333,Venezuela,VE,VEN,Zulia,admin,1551539.0,1862072711,103,2650.925839908088,26.567994207103336,gcp,us-east1,"Moncks Corner, South Carolina, North America",33.1973235,-80.01094796275407,14.254758544040007,75.60249566377468,907.7986433690554
Zhangjiajie,Zhangjiajie,29.1255,110.4844,China,CN,CHN,Hunan,minor,1549200.0,1156072884,1,845.6155945048856,65.5204553125655,aws,ap-east-1,Asia Pacific (Hong Kong),22.2793278,114.1628131,14.253249872116974,9.543473263382566,907.7986433690554
Shuangyashan,Shuangyashan,46.6388,131.1545,China,CN,CHN,Heilongjiang,,1530000.0,1156245904,3,1065.576921715519,58.696595398729,aws,ap-northeast-2,Asia Pacific (Seoul),37.5666791,126.9782914,14.240778946963175,6.194659960364106,907.7986433690554
Yucheng,Yucheng,29.9888,103.0007,China,CN,CHN,Sichuan,minor,1512000.0,1156817119,13,858.7678770901481,65.09099717724246,aws,cn-northwest-1,China (Ningxia),37.3095528,105.96085530747736,14.228944497097059,10.018031156773645,907.7986433690554
Changshu,Changshu,31.65,120.7333,China,CN,CHN,Jiangsu,,1510100.0,1156901538,76,842.4437124891218,65.62444933189349,gcp,asia-east1,"Changhua County, Taiwan, APAC",24.0755667,120.5444667,14.227687093971461,8.474651043356857,907.7986433690554
Belém,Belem,-1.4558,-48.5039,Brazil,BR,BRA,Pará,admin,1499641.0,1076646823,75,2452.3932726277408,29.340638942945457,azure,brazilsoutheast,"Rio, Brazil Southeast, South America",-22.90278,-43.2075,14.22073697092035,27.66262679180352,907.7986433690554
Porto Alegre,Porto Alegre,-30.0328,-51.23,Brazil,BR,BRA,Rio Grande do Sul,admin,1484941.0,1076658221,99,846.2646045662352,65.49919704459847,gcp,southamerica-east1,"Osasco, São Paulo, Brazil, South America",-23.5324859,-46.7916801,14.210886272217126,7.176275808283663,907.7986433690554
Valencia,Valencia,10.1667,-68.0,Venezuela,VE,VEN,Carabobo,admin,1484430.0,1862309871,103,2840.219535051246,24.168748600363514,gcp,us-east1,"Moncks Corner, South Carolina, North America",33.1973235,-80.01094796275407,14.210542091809312,71.6382052948644,907.7986433690554
Onitsha,Onitsha,6.1667,6.7833,Nigeria,NG,NGA,Anambra,minor,1483000.0,1566593483,89,3949.282920955493,13.881107257754437,gcp,europe-southwest1,"Madrid, Spain, Europe",40.4167047,-3.7035825,14.209578295428676,74.56349669480949,907.7986433690554
Auckland,Auckland,-36.85,174.7833,New Zealand,NZ,NZL,Auckland,admin,1470100.0,1554435911,85,2157.74439702028,33.997873803784664,gcp,australia-southeast1,"Sydney, Australia, APAC",-33.8698439,151.2082848,14.200841663877661,4.13119450935244,907.7986433690554
Yekaterinburg,Yekaterinburg,56.8356,60.6128,Russia,RU,RUS,Sverdlovskaya Oblast’,admin,1468833.0,1643582706,88,1952.1793405658475,37.6781562118795,gcp,europe-north1,"Hamina, Finland, Europe",60.5688901,27.1881877,14.199979446728596,20.78961731789036,907.7986433690554
Huazhou,Huazhou,32.6889,112.0447,China,CN,CHN,Henan,minor,1468061.0,1156796734,13,755.3588472961941,68.54502045740435,aws,cn-northwest-1,China (Ningxia),37.3095528,105.96085530747736,14.199453721597179,8.842467300658882,907.7986433690554
León de los Aldama,Leon de los Aldama,21.1167,-101.6833,Mexico,MX,MEX,Guanajuato,minor,1454793.0,1484811199,31,976.699551503322,61.36381997386861,azure,southcentralus,"Texas, South Central US, US",29.4167,-98.5,14.190374867808215,23.852593429459944,907.7986433690554
El Kelaa des Srarhna,El Kelaa des Srarhna,32.05,-7.4,Morocco,MA,MAR,Marrakech-Safi,,1450021.0,1504846488,89,987.3801114515272,61.03699344423228,gcp,europe-southwest1,"Madrid, Spain, Europe",40.4167047,-3.7035825,14.18708928669545,24.27086305165983,907.7986433690554
Kharkiv,Kharkiv,50.0,36.2292,Ukraine,UA,UKR,Kharkivs’ka Oblast’,admin,1446107.0,1804588111,87,1088.9469698107864,58.01471591766977,gcp,europe-central2,"Warsaw, Poland, Europe",52.2319581,21.0067249,14.184386367708457,19.962329699356133,907.7986433690554
Yangshe,Yangshe,31.8775,120.5512,China,CN,CHN,Jiangsu,minor,1432044.0,1156203000,45,862.7652976635372,64.9610290591872,azure,koreacentral,"Seoul, Korea Central, Asia Pacific",37.5665,126.978,14.174614050589991,8.617090919051407,907.7986433690554
Chizhou,Chizhou,30.6583,117.4849,China,CN,CHN,Anhui,minor,1430000.0,1156131504,76,791.7543542820431,67.3089361620407,gcp,asia-east1,"Changhua County, Taiwan, APAC",24.0755667,120.5444667,14.173185701536545,10.354417067619465,907.7986433690554
Owerri,Owerri,5.4833,7.0333,Nigeria,NG,NGA,Imo,admin,1401873.0,1566679132,89,4029.683038574015,13.334153375286643,gcp,europe-southwest1,"Madrid, Spain, Europe",40.4167047,-3.7035825,14.153320470925994,74.12887584569023,907.7986433690554
Ulaanbaatar,Ulaanbaatar,47.9203,106.9172,Mongolia,MN,MNG,Ulaanbaatar,primary,1396288.0,1496024767,12,1168.7025306455855,55.74673929598236,aws,cn-north-1,China (Beijing),39.906217,116.3912757,14.149328560936066,5.793018112770596,907.7986433690554
Goiânia,Goiania,-16.6806,-49.2564,Brazil,BR,BRA,Goiás,admin,1393575.0,1076034054,99,804.1198295129661,66.89406650725991,gcp,southamerica-east1,"Osasco, São Paulo, Brazil, South America",-23.5324859,-46.7916801,14.147383663347696,11.773434693994773,907.7986433690554
Kayseri,Kayseri,38.7333,35.4833,Turkey,TR,TUR,Kayseri,admin,1389680.0,1792945815,21,802.7795268192706,66.93891068053914,aws,il-central-1,Middle East (Israel) - ???,31.5313113,34.8667654,14.144584782365667,16.838300265740145,907.7986433690554
Belgrade,Belgrade,44.8167,20.4667,Serbia,RS,SRB,Beograd,primary,1378682.0,1688374696,87,825.4922908889946,66.18302701338179,gcp,europe-central2,"Warsaw, Poland, Europe",52.2319581,21.0067249,14.136639253627473,12.892618909762291,907.7986433690554
Sofia,Sofia,42.6979,23.3217,Bulgaria,BG,BGR,Sofia-Grad,primary,1355142.0,1100762037,87,1074.178571762411,58.44469369331349,gcp,europe-central2,"Warsaw, Poland, Europe",52.2319581,21.0067249,14.119417541782857,16.130147787916485,907.7986433690554
Samsun,Samsun,41.2867,36.33,Turkey,TR,TUR,Samsun,admin,1335716.0,1792169057,21,1092.5759495831282,57.90954424770918,aws,il-central-1,Middle East (Israel) - ???,31.5313113,34.8667654,14.104978784293053,18.897539031219026,907.7986433690554
Montevideo,Montevideo,-34.8667,-56.1667,Uruguay,UY,URY,Montevideo,primary,1319108.0,1858107000,100,1341.0261723443236,51.14460945351254,gcp,southamerica-west1,"Santiago, Chile, South America",-33.4377756,-70.6504502,14.092467066647487,9.070985043512678,907.7986433690554
Khulna,Khulna,22.8167,89.55,Bangladesh,BD,BGD,Khulna,admin,1311100.0,1050667339,64,1094.2700460289627,57.86051284007918,azure,jioindiacentral,"Nagpur, Jio India Central, Asia Pacific",21.146633,79.08886,14.08637780020553,13.98632551468495,907.7986433690554
Yushu,Yushu,44.8249,126.5451,China,CN,CHN,Jilin,,1304436.0,1156326773,3,807.8883248531087,66.76814019374072,aws,ap-northeast-2,Asia Pacific (Seoul),37.5666791,126.9782914,14.081282088027052,7.416240740274702,907.7986433690554
Rongcheng,Rongcheng,26.2312,104.0966,China,CN,CHN,Yunnan,,1302891.0,1156122888,1,1110.5901437263956,57.39028936137476,aws,ap-east-1,Asia Pacific (Hong Kong),22.2793278,114.1628131,14.080096967023273,12.998325798662904,907.7986433690554
Mbuji-Mayi,Mbuji-Mayi,-6.1209,23.5967,Congo (Kinshasa),CD,COD,Kasaï Oriental,admin,1295000.0,1180399586,41,2235.212845704041,32.70617058924585,azure,southafricanorth,"Johannesburg, South Africa North, Africa",-25.73134,28.21837,14.07402202531625,50.805604994912414,907.7986433690554
Barranquilla,Barranquilla,10.9639,-74.7964,Colombia,CO,COL,Atlántico,admin,1274250.0,1170179113,103,2528.879405337268,28.23974783753613,gcp,us-east1,"Moncks Corner, South Carolina, North America",33.1973235,-80.01094796275407,14.057869112977338,76.39375047754174,907.7986433690554
Rucheng,Rucheng,32.3852,120.5634,China,CN,CHN,Jiangsu,minor,1267066.0,1156323529,45,820.2572008042874,66.35649099347788,azure,koreacentral,"Seoul, Korea Central, Asia Pacific",37.5665,126.978,14.052215338725972,8.325629382129137,907.7986433690554
Nizhniy Novgorod,Nizhniy Novgorod,56.3269,44.0075,Russia,RU,RUS,Nizhegorodskaya Oblast’,admin,1264075.0,1643012126,88,1082.2768815845668,58.20852054832807,gcp,europe-north1,"Hamina, Finland, Europe",60.5688901,27.1881877,14.049851978463687,21.335818682054537,907.7986433690554
Shaoyang,Shaoyang,32.9387,119.8404,China,CN,CHN,Jiangsu,minor,1253548.0,1156668366,45,827.1086486049829,66.1295608981936,azure,koreacentral,"Seoul, Korea Central, Asia Pacific",37.5665,126.978,14.041489286362939,8.738299501339952,907.7986433690554
Comayagüela,Comayaguela,14.0833,-87.2167,Honduras,HN,HND,Francisco Morazán,,1250000.0,1340762485,31,2062.13201740162,35.662659081768346,azure,southcentralus,"Texas, South Central US, US",29.4167,-98.5,14.038654909278163,59.13476865457494,907.7986433690554
Yichun,Yichun,47.7235,128.8893,China,CN,CHN,Heilongjiang,minor,1250000.0,1156757274,3,1140.053037854723,56.55104417703593,aws,ap-northeast-2,Asia Pacific (Seoul),37.5666791,126.9782914,14.038654909278163,6.611878718836465,907.7986433690554
Jingling,Jingling,30.6667,113.1667,China,CN,CHN,Hubei,,1247400.0,1156060544,1,937.873627213866,62.56671155556353,aws,ap-east-1,Asia Pacific (Hong Kong),22.2793278,114.1628131,14.036572744741306,9.591940049706523,907.7986433690554
Dhanbād,Dhanbad,23.7928,86.435,India,IN,IND,Jharkhand,,1246000.0,1356103392,64,809.9963837489656,66.69780168373558,azure,jioindiacentral,"Nagpur, Jio India Central, Asia Pacific",21.146633,79.08886,14.035449780897432,12.121223745055545,907.7986433690554
Dayan,Dayan,26.8808,100.2208,China,CN,CHN,Yunnan,,1244769.0,1156828380,13,1278.7790389078991,52.76144240873876,aws,cn-northwest-1,China (Ningxia),37.3095528,105.96085530747736,14.034461331858779,12.242259758876799,907.7986433690554
Kazan,Kazan,55.7908,49.1144,Russia,RU,RUS,Tatarstan,admin,1243500.0,1643101260,88,1382.6888319113684,50.09021952806481,gcp,europe-north1,"Hamina, Finland, Europe",60.5688901,27.1881877,14.033441346407018,21.798518892349875,907.7986433690554
Jiangyin,Jiangyin,31.9087,120.2653,China,CN,CHN,Jiangsu,,1241045.0,1156033234,76,871.4358382780861,64.68001501482614,gcp,asia-east1,"Changhua County, Taiwan, APAC",24.0755667,120.5444667,14.031465130381331,8.932397169589763,907.7986433690554
Cần Thơ,Can Tho,10.0333,105.7833,Vietnam,VN,VNM,Cần Thơ,admin,1237300.0,1704783472,7,988.8696619283864,60.99155152699471,aws,ap-southeast-1,Asia Pacific (Singapore),1.357107,103.8194992,14.028442952413169,8.457768960513704,907.7986433690554
Abuja,Abuja,9.0556,7.4914,Nigeria,NG,NGA,Federal Capital Territory,primary,1235880.0,1566342270,89,3658.574360073711,16.052795453238073,gcp,europe-southwest1,"Madrid, Spain, Europe",40.4167047,-3.7035825,14.027294634047566,73.81223540151711,907.7986433690554
Mandalay,Mandalay,21.9769,96.0869,Myanmar,MM,MMR,Mandalay,admin,1225546.0,1104468217,64,1759.3570869605526,41.49162677857576,azure,jioindiacentral,"Nagpur, Jio India Central, Asia Pacific",21.146633,79.08886,14.018897832908083,13.334688638424268,907.7986433690554
Shuangshui,Shuangshui,26.5944,104.8333,China,CN,CHN,Guizhou,,1221000.0,1156070389,1,1058.8732078186447,58.893668085084016,aws,ap-east-1,Asia Pacific (Hong Kong),22.2793278,114.1628131,14.015181572093326,12.602055354900017,907.7986433690554
Vila Velha,Vila Velha,3.2167,-51.2167,Brazil,BR,BRA,Amapá,,1209091.0,1076575691,99,3012.7726429377867,22.17097197385893,gcp,southamerica-east1,"Osasco, São Paulo, Brazil, South America",-23.5324859,-46.7916801,14.005380222648844,30.616818990097045,907.7986433690554
Chelyabinsk,Chelyabinsk,55.15,61.4,Russia,RU,RUS,Chelyabinskaya Oblast’,admin,1202371.0,1643224011,88,2084.6179599989714,35.26395036447936,gcp,europe-north1,"Hamina, Finland, Europe",60.5688901,27.1881877,13.999806830389947,21.11483527071732,907.7986433690554
Qom,Qom,34.6461,50.8789,Iran,IR,IRN,Qom,admin,1201158.0,1364701633,23,944.7302260317804,62.35258139619343,aws,me-south-1,Middle East (Bahrain),26.1551249,50.5344606,13.998797481974652,14.568618281023532,907.7986433690554
Mombasa,Mombasa,-4.05,39.6667,Kenya,KE,KEN,Mombasa,admin,1200000.0,1404512373,41,2702.4831351924536,25.89185960641172,azure,southafricanorth,"Johannesburg, South Africa North, Africa",-25.73134,28.21837,13.997832948091215,27.411473700845136,907.7986433690554
Maiduguri,Maiduguri,11.8333,13.15,Nigeria,NG,NGA,Borno,admin,1197497.0,1566540296,21,3122.625265051739,20.986042071232557,aws,il-central-1,Middle East (Israel) - ???,31.5313113,34.8667654,13.995744938119675,65.40312238023319,907.7986433690554
Rosario,Rosario,-32.9575,-60.6394,Argentina,AR,ARG,Santa Fe,minor,1193605.0,1032770677,100,932.6620820554624,62.7299587771012,gcp,southamerica-west1,"Santiago, Chile, South America",-33.4377756,-70.6504502,13.99248953522865,9.33076699107744,907.7986433690554
Benin City,Benin City,6.3176,5.6145,Nigeria,NG,NGA,Edo,admin,1190000.0,1566080151,89,3903.6771190508175,14.201273255428006,gcp,europe-southwest1,"Madrid, Spain, Europe",40.4167047,-3.7035825,13.989464705423494,74.70282054718814,907.7986433690554
Medina,Medina,24.4667,39.6,Saudi Arabia,SA,SAU,Al Madīnah al Munawwarah,admin,1180770.0,1682345785,21,912.420733780588,63.36805176761011,aws,il-central-1,Middle East (Israel) - ???,31.5313113,34.8667654,13.981678172906156,7.139631174267151,907.7986433690554
Omsk,Omsk,54.9667,73.3833,Russia,RU,RUS,Omskaya Oblast’,admin,1178391.0,1643360863,88,2748.136659821039,25.30752686612226,gcp,europe-north1,"Hamina, Finland, Europe",60.5688901,27.1881877,13.979661355241253,18.78912588218668,907.7986433690554
Pikine,Pikine,14.75,-17.4,Senegal,SN,SEN,Dakar,,1170791.0,1686165071,89,3147.9603783345246,20.721876890782774,gcp,europe-southwest1,"Madrid, Spain, Europe",40.4167047,-3.7035825,13.973191000841778,36.55139347622719,907.7986433690554
Samara,Samara,53.1833,50.1167,Russia,RU,RUS,Samarskaya Oblast’,admin,1169719.0,1643205757,88,1604.90706289608,44.822787270681005,gcp,europe-north1,"Hamina, Finland, Europe",60.5688901,27.1881877,13.972274961893921,22.97143904450502,907.7986433690554
Rongcheng,Rongcheng,29.8239,112.9019,China,CN,CHN,Hubei,minor,1162770.0,1156102432,1,848.299796494424,65.4325792267943,aws,ap-east-1,Asia Pacific (Hong Kong),22.2793278,114.1628131,13.966316507555375,9.35328589101573,907.7986433690554
Nay Pyi Taw,Nay Pyi Taw,19.7475,96.115,Myanmar,MM,MMR,Nay Pyi Taw,primary,1160242.0,1104838105,64,1779.8882153952677,41.06787058892926,azure,jioindiacentral,"Nagpur, Jio India Central, Asia Pacific",21.146633,79.08886,13.964140023902718,12.330884503392554,907.7986433690554
Kigali,Kigali,-1.9536,30.0606,Rwanda,RW,RWA,Kigali,primary,1156663.0,1646923541,41,2651.3111730422715,26.56287593594064,azure,southafricanorth,"Johannesburg, South Africa North, Africa",-25.73134,28.21837,13.96105055777677,47.529562510271376,907.7986433690554
Zapopan,Zapopan,20.7167,-103.4,Mexico,MX,MEX,Jalisco,minor,1155790.0,1484198680,31,1085.649628242884,58.11044197353537,azure,southcentralus,"Texas, South Central US, US",29.4167,-98.5,13.96029551602117,19.13540081672147,907.7986433690554
Dakar,Dakar,14.7319,-17.4572,Senegal,SN,SEN,Dakar,primary,1146053.0,1686604760,89,3152.162962800471,20.67837988778165,gcp,europe-southwest1,"Madrid, Spain, Europe",40.4167047,-3.7035825,13.951835295565537,36.426407990431926,907.7986433690554
Dadukou,Dadukou,26.5849,101.7149,China,CN,CHN,Sichuan,minor,1144000.0,1156901342,13,1257.6096573953034,53.32287199811502,aws,cn-northwest-1,China (Ningxia),37.3095528,105.96085530747736,13.950042325047372,12.85528226912038,907.7986433690554
Santiago,Santiago,19.45,-70.7,Dominican Republic,DO,DOM,Cibao Norte,admin,1142947.0,1214985348,103,1786.1394665161488,40.939708201061904,gcp,us-east1,"Moncks Corner, South Carolina, North America",33.1973235,-80.01094796275407,13.949121447428839,56.829333026135146,907.7986433690554
Xiantao,Xiantao,30.3833,113.4,China,CN,CHN,Hubei,,1140100.0,1156216927,1,904.3135082573816,63.62544263994663,aws,ap-east-1,Asia Pacific (Hong Kong),22.2793278,114.1628131,13.946627412937469,9.592811711784634,907.7986433690554
Callao,Callao,-12.0611,-77.1333,Peru,PE,PER,Callao,admin,1129854.0,1604422141,100,2466.582012627618,29.133222209715555,gcp,southamerica-west1,"Santiago, Chile, South America",-33.4377756,-70.6504502,13.937599863870918,36.699549271855176,907.7986433690554
Tegucigalpa,Tegucigalpa,14.0942,-87.2067,Honduras,HN,HND,Francisco Morazán,primary,1126534.0,1340344059,31,2061.687172764329,35.67059213530175,azure,southcentralus,"Texas, South Central US, US",29.4167,-98.5,13.934657108056648,59.14594913103474,907.7986433690554
Tripoli,Tripoli,32.8752,13.1875,Libya,LY,LBY,Ţarābulus,primary,1126000.0,1434201852,17,1441.1325295614968,48.64767033257109,aws,eu-south-1,EU (Milan),45.4641943,9.1896346,13.934182975780846,22.057270628347965,907.7986433690554
Rostov,Rostov,47.2333,39.7167,Russia,RU,RUS,Rostovskaya Oblast’,admin,1125299.0,1643013518,87,1449.78940241009,48.43755704339905,gcp,europe-central2,"Warsaw, Poland, Europe",52.2319581,21.0067249,13.933560224738088,21.73382884432317,907.7986433690554
Tbilisi,Tbilisi,41.7225,44.7925,Georgia,GE,GEO,Tbilisi,primary,1118035.0,1268203191,21,1436.1468755386657,48.7690918377445,aws,il-central-1,Middle East (Israel) - ???,31.5313113,34.8667654,13.927084132536542,20.40804738225438,907.7986433690554
Ufa,Ufa,54.7333,55.9667,Russia,RU,RUS,Bashkortostan,admin,1115560.0,1643722928,88,1813.1531150479573,40.39046040374232,gcp,europe-north1,"Hamina, Finland, Europe",60.5688901,27.1881877,13.924867975357817,21.644314679153922,907.7986433690554
Nezahualcóyotl,Nezahualcoyotl,19.4,-98.9889,Mexico,MX,MEX,México,minor,1110565.0,1484074285,31,1114.9028235110195,57.26666972187412,azure,southcentralus,"Texas, South Central US, US",29.4167,-98.5,13.920380353238546,33.14049034247671,907.7986433690554
Ciudad Nezahualcóyotl,Ciudad Nezahualcoyotl,19.41,-99.03,Mexico,MX,MEX,México,,1109363.0,1484016661,31,1113.9838087131625,57.29299022709365,azure,southcentralus,"Texas, South Central US, US",29.4167,-98.5,13.9192974361038,33.05184592140961,907.7986433690554
Biên Hòa,Bien Hoa,10.9277,106.8681,Vietnam,VN,VNM,Đồng Nai,admin,1104000.0,1704863046,7,1116.1774583462438,57.23018430344301,aws,ap-southeast-1,Asia Pacific (Singapore),1.357107,103.8194992,13.914451411615868,8.718419224115337,907.7986433690554
Hegang,Hegang,47.3139,130.2775,China,CN,CHN,Heilongjiang,minor,1100000.0,1156541759,3,1116.8622225856882,57.21059306566525,aws,ap-northeast-2,Asia Pacific (Seoul),37.5666791,126.9782914,13.910821646859095,6.374537530846169,907.7986433690554
Huambo,Huambo,-12.7667,15.7333,Angola,AO,AGO,Huambo,admin,1100000.0,1024079828,41,1945.5816023855016,37.8026567593787,azure,southafricanorth,"Johannesburg, South Africa North, Africa",-25.73134,28.21837,13.910821646859095,39.313466884216155,907.7986433690554
Ikare,Ikare,7.5304,5.76,Nigeria,NG,NGA,Ondo,minor,1099931.0,1566683694,89,3775.6197833575343,15.140303504024384,gcp,europe-southwest1,"Madrid, Spain, Europe",40.4167047,-3.7035825,13.910758917675958,74.96150172061539,907.7986433690554
Hanchuan,Hanchuan,30.652,113.8274,China,CN,CHN,Hubei,,1092700.0,1156149248,1,931.5965841777517,62.76338699970857,aws,ap-east-1,Asia Pacific (Hong Kong),22.2793278,114.1628131,13.90416317072269,9.778552091069514,907.7986433690554
N’Djamena,N'Djamena,12.11,15.05,Chad,TD,TCD,Ville de N’Djaména,primary,1092066.0,1148708596,21,2963.575141544258,22.72311333865971,aws,il-central-1,Middle East (Israel) - ???,31.5313113,34.8667654,13.903582788716182,62.4352851195257,907.7986433690554
Krasnoyarsk,Krasnoyarsk,56.0167,92.8667,Russia,RU,RUS,Krasnoyarskiy Kray,admin,1083865.0,1643544975,13,2298.728026633781,31.68382101978103,aws,cn-northwest-1,China (Ningxia),37.3095528,105.96085530747736,13.89604483710445,12.895257899504031,907.7986433690554
Yicheng,Yicheng,31.3697,119.8239,China,CN,CHN,Jiangsu,minor,1082929.0,1156292419,76,814.159337742293,66.55911612927034,gcp,asia-east1,"Changhua County, Taiwan, APAC",24.0755667,120.5444667,13.895180888621788,9.446501658131865,907.7986433690554
Nur-Sultan,Nur-Sultan,51.1333,71.4333,Kazakhstan,KZ,KAZ,Astana,primary,1078362.0,1398516045,82,2546.2189093034444,27.99597448191172,gcp,asia-south2,"Delhi, India APAC",28.6517178,77.2219388,13.890954708462555,19.738066150021268,907.7986433690554
Nouakchott,Nouakchott,18.0858,-15.9785,Mauritania,MR,MRT,,primary,1077169.0,1478414984,89,2747.261181394959,25.31860738802916,gcp,europe-southwest1,"Madrid, Spain, Europe",40.4167047,-3.7035825,13.88984778955033,36.35169177938201,907.7986433690554
Hāora,Haora,22.59,88.31,India,IN,IND,West Bengal,,1077075.0,1356986516,64,964.8263827090984,61.72919493664799,azure,jioindiacentral,"Nagpur, Jio India Central, Asia Pacific",21.146633,79.08886,13.889760520036951,13.59947991255899,907.7986433690554
Yerevan,Yerevan,40.1814,44.5144,Armenia,AM,ARG,Yerevan,primary,1075800.0,1051074169,21,1294.9198675218572,52.33734931437341,aws,il-central-1,Middle East (Israel) - ???,31.5313113,34.8667654,13.888576058361654,19.743043302208207,907.7986433690554
Taixing,Taixing,32.1724,120.0142,China,CN,CHN,Jiangsu,minor,1073921.0,1156331200,45,873.2032096514217,64.62288345823133,azure,koreacentral,"Seoul, Korea Central, Asia Pacific",37.5665,126.978,13.886827925715249,9.070435128724512,907.7986433690554
São Luís,Sao Luis,-2.53,-44.3028,Brazil,BR,BRA,Maranhão,admin,1073893.0,1076819308,75,2268.4281607065477,32.16748325868019,azure,brazilsoutheast,"Rio, Brazil Southeast, South America",-22.90278,-43.2075,13.886801852718305,25.159177049246864,907.7986433690554
San Pedro Sula,San Pedro Sula,15.5,-88.0333,Honduras,HN,HND,Cortés,admin,1073824.0,1340568412,31,1882.1328140663973,39.02114891242644,azure,southcentralus,"Texas, South Central US, US",29.4167,-98.5,13.886737598502531,56.09845170489325,907.7986433690554
Edmonton,Edmonton,53.5344,-113.4903,Canada,CA,CAN,Alberta,,1062643.0,1124290735,32,832.5793761790974,65.94891966443636,azure,westus2,"Washington, West US 2, US",47.233,-119.852,13.876270700009192,0.7817019499750586,907.7986433690554
Ezhou,Ezhou,30.3972,114.8842,China,CN,CHN,Hubei,minor,1059700.0,1156414637,76,898.1406780477867,63.82212052583012,gcp,asia-east1,"Changhua County, Taiwan, APAC",24.0755667,120.5444667,13.873497350825783,10.004873782822415,907.7986433690554
