geo_city,geo_country_code,ai_works_recent,ai_institution_count,lat,lon
Beijing,CN,3387,18,39.93225090874566,116.38871626559788
Singapore,SG,1072,4,1.2932082461929322,103.8337779046631
Shenzhen,CN,978,2,22.545539927978517,114.06829916992187
Pittsburgh,US,965,1,40.44062,-79.99589
Seattle,US,844,4,47.61026984619141,-122.33322921569824
Mountain View,US,841,1,37.38605,-122.08385
Tokyo,JP,778,14,35.68496521214077,139.70835648297992
Barcelona,ES,680,4,41.38879003265381,2.158989976577759
Edinburgh,GB,673,1,55.95206,-3.19648
Toulouse,FR,623,5,43.60426,1.44367
Moscow,RU,605,7,55.712449754987446,37.575731004987446
Amsterdam,NL,602,4,52.37403053344727,4.889689961166382
Hangzhou,CN,555,3,30.28853745218913,120.15499532633464
Paris,FR,504,12,48.853341773478185,2.3450223277409874
Hong Kong,HK,493,2,22.27832015625,114.17469012329101
Cambridge,GB,477,3,52.194150034586585,0.12730666579246522
Ürümqi,CN,443,2,43.800960540771484,87.60045623779297
Mexico City,MX,426,3,19.42847,-99.12766
Redmond,US,426,1,47.67399,-122.12151
Prague,CZ,381,3,50.08803979939779,14.420760051574709
Leipzig,DE,374,4,51.33388266113281,12.381465144882203
Ho Chi Minh City,VN,373,2,10.823019981384277,106.62964630126953
Coimbatore,IN,364,1,11.00555,76.96612
Ljubljana,SI,351,3,46.05107919759115,14.505129876098634
Trento,IT,348,2,46.067870546875,11.121080199279785
Grenoble,FR,340,3,45.17869062133789,5.7147899558003745
Amherst Center,US,320,2,42.375370012817385,-72.51924948120117
Saarbrücken,DE,318,2,49.2451990838623,7.027688034210206
Stuttgart,DE,309,1,48.782318115234375,9.177020072937012
Warsaw,PL,299,3,52.23384094238281,20.967379887898762
London,GB,299,4,51.543446709289555,-0.12234240069508552
Abu Dhabi,AE,296,2,24.440338134765625,54.50653648376465
New York,US,275,6,40.73636347127279,-73.99241193115235
Jinan,CN,271,2,36.667497634887695,117.04185485839844
Leioa,ES,268,1,43.32686,-2.98884
Sheffield,GB,254,1,53.38297,-1.4659
Toronto,CA,251,2,43.67841794189453,-79.38107506591797
Potsdam,DE,247,2,52.39886046569824,13.065660238342286
Pune,IN,236,3,18.51956959798177,73.85534778645832
Guangzhou,CN,236,1,23.116670608520508,113.25
Bucharest,RO,233,2,44.432250488281255,26.106260149841308
Berlin,DE,230,3,52.52892614908854,13.39806935160319
Hanoi,VN,226,4,21.028245475769044,105.8263050732422
Taipei,TW,225,5,25.050608444213868,121.56737670898437
Delhi,IN,222,2,28.65195041809082,77.2314905444336
Bordeaux,FR,222,1,44.84044,-0.5805
Waterloo,US,222,1,42.49810791015625,-92.33547973632812
Villetaneuse,FR,220,2,48.95833,2.34167
Kaiserslautern,DE,216,1,49.44300079345703,7.771609783172607
San Mateo,US,214,1,37.55870819091797,-122.3250732421875
California,US,207,1,40.06563186645508,-79.89170837402344
Ramat Gan,IL,207,1,32.08227,34.81065
Bengaluru,IN,206,3,12.970070838928223,77.59455108642578
Tel Aviv,IL,199,1,32.08088,34.78057
Tehran,IR,198,3,35.715599060058594,51.42514419555664
Hohhot,CN,192,1,40.8105583190918,111.6522216796875
Nancy,FR,190,2,48.68439,6.18496
Ikoma,JP,189,1,34.68333053588867,135.6999969482422
Armonk,US,189,1,41.10853958129883,-73.72046661376953
New Delhi,IN,187,4,28.61645213821411,77.20495656127929
Kolkata,IN,180,3,22.562629799804686,88.36303807291667
Dublin,IE,179,1,53.33306121826172,-6.248889923095703
Chandler,US,179,1,33.30616,-111.84125
Budapest,HU,177,6,47.49532538248698,19.047779226175944
Valencia,ES,172,1,39.47391128540039,-0.3796600103378296
Shanghai,CN,170,3,31.202277501424152,121.44099426269531
San Jose,US,168,1,37.330989837646484,-121.89387512207031
Sangāreddi,IN,164,1,17.62477,78.08669
Montreal,CA,162,1,45.50883865356445,-73.58780670166016
Bethesda,US,160,3,39.04576873779297,-77.1559321085612
Sfax,TN,157,1,34.74056,10.76028
Washington D.C.,US,157,5,38.92149353027344,-77.05203399658203
Lisbon,PT,153,2,38.73094938842773,-9.145091383361816
Madrid,ES,150,3,40.416500030517575,-3.7025599826558433
Quzhou,CN,149,1,28.982589721679688,118.86829376220703
Macao,MO,146,1,22.200559616088867,113.54611206054688
Lahore,PK,144,2,31.505290031433105,74.32214736938477
Tartu,EE,143,1,58.380619049072266,26.72509002685547
Bhubaneswar,IN,143,1,20.259199142456055,85.79199981689453
Avignon,FR,142,2,43.948340684814454,4.808919953308106
Wroclaw,PL,141,1,51.099998474121094,17.0333309173584
Patna,IN,138,1,25.594079971313477,85.13562774658203
Mannheim,DE,138,2,49.48651313781738,8.46457052230835
Nomi Shi,JP,134,1,36.43592834472656,136.5445556640625
Jaipur,IN,132,2,26.625505447387695,75.86746215820312
Lausanne,CH,131,1,46.516,6.63282
Ostrava,CZ,128,2,49.834649066162115,18.28203982116699
Sofia,BG,128,2,42.697509765625,23.32415008544922
Hyderabad,IN,126,1,17.38405,78.45636
Galway,IE,125,1,53.2724494934082,-9.050950050354004
Memphis,US,122,1,35.14952850341797,-90.04898071289062
Boulder,US,121,1,40.014991760253906,-105.27055358886719
Tijuana,MX,119,1,32.50270080566406,-117.00370788574219
Copenhagen,DK,113,2,55.676483154296875,12.575909614562988
Reading,GB,107,2,51.448643112182616,-0.9530515007400513
Taoyuan District,TW,106,1,24.96971893310547,121.26747131347656
Kitakyushu,JP,106,1,33.851810455322266,130.850341796875
Mardan,PK,105,1,34.19080352783203,72.03687286376953
Juba,SS,105,1,4.835000038146973,31.600000381469727
Hanover,DE,104,2,52.37052077270508,9.733220050201416
El Paso,US,104,1,31.75872039794922,-106.48693084716797
Niš,RS,104,1,43.32472,21.90333
Bielefeld,DE,101,1,52.03333,8.53333
Brno,CZ,101,1,49.19522,16.60796
Gif-sur-Yvette,FR,98,3,48.683330357259116,2.1333300711568195
Seongnam-si,KR,97,1,37.40243911743164,127.10128021240234
Moratuwa,LK,97,1,6.7729997634887695,79.88159942626953
Menlo Park,US,97,2,37.45383071899414,-122.18218994140625
Tilburg,NL,95,1,51.555511474609375,5.091300010681152
Lyon,FR,94,2,45.74846,4.84671
La Rochelle,FR,94,1,46.16308,-1.15222
Martigny-Combe,CH,93,1,46.07817077636719,7.050990104675293
Istanbul,TR,92,1,41.01383972167969,28.94965934753418
Pátrai,GR,91,1,38.24443817138672,21.734439849853516
A Coruña,ES,87,1,43.3713493347168,-8.395999908447266
Wolverhampton,GB,86,1,52.58546829223633,-2.122960090637207
Cerdanyola del Vallès,ES,85,1,41.4910888671875,2.1407899856567383
Rossland,CA,85,1,49.07619094848633,-117.7970962524414
Genoa,IT,83,1,44.40478,8.94439
Nantes,FR,82,3,47.21382622273763,-1.555849676246643
Douliu,TW,79,1,23.69196128845215,120.53459930419922
Tres Cantos,ES,79,1,40.60102462768555,-3.7155539989471436
Waltham,US,79,1,42.37649154663086,-71.23561096191406
Alicante,ES,78,1,38.34516906738281,-0.48148998618125916
Nanterre,FR,76,1,48.89198,2.20675
Marseille,FR,76,1,43.29695129394531,5.381070137023926
Changsha,CN,76,1,28.255634307861328,113.08287048339844
Chapel Hill,US,74,1,35.90378189086914,-79.04779815673828
Pilsen,CZ,74,1,49.74747,13.37759
Villeneuve-d'Ascq,FR,73,2,50.61669079467774,3.1666400216293336
Fontainebleau,FR,73,1,48.40908,2.70177
Iasi,RO,72,2,47.16667175292969,27.600000381469727
Dhaka,BD,70,2,23.710399627685547,90.40744018554688
Kayseri,TR,69,2,38.734928131103516,35.479373931884766
Pisa,IT,68,1,43.70853,10.4036
Thessaloniki,GR,67,2,40.650373458862305,22.86752986907959
Zhangjiajie,CN,64,1,29.129440307617188,110.47833251953125
Anking,CN,63,1,30.51416778564453,117.04805755615234
Jingdezhen,CN,63,1,29.294700622558594,117.20789337158203
Manno,CH,63,1,46.02885,8.91824
Bristol,US,62,1,36.58729553222656,-82.15910339355469
Nijmegen,NL,62,1,51.8425,5.85278
Komotini,GR,60,1,41.119171142578125,25.405349731445312
Msida,MT,60,1,35.8925,14.48278
Passau,DE,60,1,48.56650161743164,13.431220054626465
Pathum Thani,TH,59,1,14.013460159301758,100.53048706054688
Fukushima,JP,59,1,37.52367401123047,139.93807983398438
Ratanpur,IN,59,1,22.1040096282959,82.12035369873047
Lafayette,US,58,1,30.224090576171875,-92.01983642578125
Talence,FR,56,1,44.80849,-0.58915
Khulna,BD,56,1,22.809789657592773,89.56439208984375
Windsor,CA,54,1,42.300079345703125,-83.01654052734375
Boca Raton,US,54,1,26.35869026184082,-80.08309936523438
Częstochowa,PL,54,1,50.79646,19.12409
Patiāla,IN,53,1,30.359724044799805,76.45423126220703
Birmingham,GB,53,1,52.48141860961914,-1.8998299837112427
Manouba,TN,53,1,36.81006,10.09557
Innopolis,RU,53,1,55.749820709228516,48.74753952026367
Montpellier,FR,53,1,43.61093,3.87635
Weimar,DE,52,1,50.98030090332031,11.32903003692627
Dharwad,IN,51,1,15.460049629211426,75.00778198242188
Huangshi,CN,50,1,30.247060775756836,115.04814147949219
Tokushima,JP,50,1,34.06999969482422,134.55999755859375
Aix-en-Provence,FR,49,1,43.5283,5.44973
Caen,FR,49,1,49.18585,-0.35912
Puebla City,MX,49,1,19.03792953491211,-98.20346069335938
Tashkent,UZ,49,1,41.2646484375,69.21627044677734
Winterthur,CH,48,1,47.50564,8.72413
Glasgow,GB,48,1,55.86217498779297,-4.243517875671387
Thousand Oaks,US,48,1,34.148231506347656,-118.76197052001953
Urgench,UZ,47,1,41.557220458984375,60.60785675048828
Saint-Étienne-du-Rouvray,FR,46,1,49.3779411315918,1.1046700477600098
Nanning,CN,46,2,22.816669732055665,108.31667163940429
Atherton,US,45,1,37.46133,-122.19774
Kharkiv,UA,45,1,49.98177,36.25475
Champs-sur-Marne,FR,45,1,48.85,2.6
Valbonne,FR,43,1,43.63292,6.99911
Kyoto,JP,42,2,35.02602577209473,135.76653289794922
Halmstad,SE,41,1,56.674461364746094,12.856760025024414
Corfu,GR,41,1,39.62440872192383,19.9201602935791
Greensboro,US,40,1,36.07263946533203,-79.79197692871094
Lugano,CH,40,1,46.01007843017578,8.960040092468262
Jinzhou,CN,40,1,41.145774841308594,121.12657165527344
Marousi,GR,39,1,38.05,23.8
Nitra,SK,38,1,48.3076286315918,18.084529876708984
Princeton,US,38,1,40.34456253051758,-74.712890625
Bratislava,SK,38,1,48.14815902709961,17.106740951538086
Belgrade,RS,38,1,44.782405853271484,20.478973388671875
Kaunas,LT,37,1,54.9027214050293,23.909610748291016
Xi'an,CN,37,1,34.13897705078125,108.87511444091797
Guiyang,CN,37,1,26.583330154418945,106.71666717529297
Compiègne,FR,37,2,49.41794,2.82606
Hwaseong-si,KR,36,1,37.210140228271484,126.97699737548828
Saint-Denis,FR,36,2,48.92768557006836,2.3523414559936526
Daejeon,KR,35,1,36.34913,127.38493
Colombo,LK,35,1,6.935480117797852,79.84867858886719
Timișoara,RO,35,1,45.753719329833984,21.225709915161133
Tunis,TN,34,1,36.83140182495117,10.147199630737305
Chongqing,CN,34,2,29.560260772705078,106.55770874023438
Hildesheim,DE,34,1,52.15077,9.95112
Rende,IT,33,1,39.33154,16.18041
Amman,JO,33,1,31.955219268798828,35.945030212402344
Vellore,IN,32,1,12.9184,79.13255
Villejuif,FR,32,1,48.7939,2.35992
Dindigul,IN,31,1,10.36896,77.98036
Dayton,US,31,1,39.758949279785156,-84.19161224365234
Ankara,TR,31,2,39.91986846923828,32.854270935058594
Cambridge,US,31,1,42.36968994140625,-71.07798767089844
Saint-Etienne,FR,30,1,45.43389,4.39
Cupertino,US,29,1,37.323,-122.03218
Tangdukou,CN,29,1,27.2034969329834,111.43635559082031
Skikda,DZ,28,1,36.84917449951172,6.890708923339844
Khabarovsk,RU,28,1,48.471954345703125,135.0609130859375
Leicester,GB,28,1,52.6386,-1.13169
Piscataway,US,26,1,40.499271392822266,-74.39904022216797
Wako,JP,26,1,35.7894401550293,139.6233367919922
Zaozhuang,CN,26,1,34.86471939086914,117.55416870117188
Chiba,JP,26,1,35.63762664794922,140.2031707763672
Algiers,DZ,25,1,36.75929641723633,3.004081964492798
Rabat,MA,25,1,34.013248443603516,-6.832550048828125
Zurich,CH,25,2,47.379241943359375,8.529630661010742
Santiago de Compostela,ES,25,1,42.87203598022461,-8.561888694763184
Agra,IN,24,2,27.183330267944335,78.0166701135254
Nice,FR,24,1,43.70313,7.26608
Ghent,BE,24,1,51.04999923706055,3.716670036315918
Leshan,CN,23,1,29.579259872436523,103.7619857788086
Canberra,AU,23,1,-35.28346,149.12807
Carbondale,US,23,1,37.72726821899414,-89.21675109863281
Tübingen,DE,23,1,48.53666687011719,9.058889389038086
Takizawa,JP,22,1,39.8000373840332,141.1375732421875
Sambalpur,IN,22,1,21.465269088745117,83.9757308959961
Chiang Mai,TH,22,1,18.790380477905273,98.98468017578125
Ulaanbaatar,MN,22,1,47.921913146972656,106.91881561279297
Tallinn,EE,21,1,59.43695831298828,24.753530502319336
Jerusalem,IL,21,1,31.76904,35.21633
Cuernavaca,MX,20,1,18.87647819519043,-99.22006225585938
Chania,GR,20,1,35.51123809814453,24.02920913696289
Sakai,JP,20,1,34.58332824707031,135.4666748046875
Orsay,FR,20,1,48.69572067260742,2.187269926071167
Doha,QA,20,1,25.285449981689453,51.53096008300781
Jena,DE,19,1,50.92877960205078,11.589900016784668
Washington,US,18,2,38.89511054199219,-77.03636966186524
Kyiv,UA,17,1,50.45466,30.5238
Rockville,US,17,1,39.080509185791016,-77.23397827148438
Suva,FJ,16,1,-18.136829376220703,178.42530822753906
Town of Poughkeepsie,US,16,1,41.6698112487793,-73.90702819824219
Qazvin,IR,16,1,36.268768310546875,50.00410079956055
Nashville,US,16,1,36.165889739990234,-86.78443908691406
Pensacola,US,15,1,30.421310424804688,-87.21691131591797
Brighton,GB,15,1,50.8283805847168,-0.13946999609470367
Hendersonville,US,15,1,35.44007110595703,-88.63941955566406
Pushchino,RU,15,1,54.839569091796875,37.62549591064453
Taichung,TW,15,1,24.144750595092773,120.7302474975586
Kaohsiung City,TW,14,1,22.72960090637207,120.40789794921875
San Diego,US,14,1,32.71571,-117.16472
Tacoma,US,14,1,47.25288009643555,-122.44429016113281
Győr,HU,14,1,47.68333053588867,17.635120391845703
Varna,BG,13,1,43.22297286987305,27.934003829956055
Giza,EG,13,1,30.00943946838379,31.20861053466797
Bedford,US,13,1,42.50493621826172,-71.23655700683594
Hefei,CN,13,1,31.901731491088867,117.17012786865234
Ellensburg,US,12,1,46.99651,-120.54785
Ishikawa,JP,12,1,26.42333,127.82139
Nanded,IN,12,1,18.6926212310791,77.73011779785156
Berkeley,US,12,1,37.87158966064453,-122.27275085449219
Espoo,FI,12,1,60.2052,24.6522
Belmont,US,12,1,42.39787292480469,-71.17529296875
Cergy-Pontoise,FR,11,1,49.03894,2.07805
Hiroshima,JP,11,2,34.40266036987305,132.44242095947266
Chandigarh,IN,11,1,30.736289978027344,76.78839874267578
New Rochelle,US,11,1,40.925479888916016,-73.78790283203125
Leeuwarden,NL,11,1,53.20271,5.80973
Chengdu,CN,11,1,30.676218032836914,103.82057189941406
Reno,US,10,1,39.49658966064453,-119.87262725830078
Seoul,KR,10,1,37.580833435058594,126.92388916015625
Jijel,DZ,9,1,36.80135726928711,5.751527786254883
Vincennes,US,9,1,38.686859130859375,-87.52310943603516
Tyler,US,9,1,32.35126,-95.30106
Zlín,CZ,9,1,49.2264518737793,17.670650482177734
Rzeszów,PL,8,1,50.04132080078125,21.99901008605957
Fujisawa,JP,8,1,35.32438659667969,139.45181274414062
Cookeville,US,8,1,36.162841796875,-85.50164031982422
Tampere,FI,8,1,61.504032135009766,23.809003829956055
Paisley,GB,7,1,55.831729888916016,-4.432539939880371
Arad,RO,7,1,46.18333053588867,21.316669464111328
Wolfenbüttel,DE,7,1,52.16442108154297,10.540949821472168
Reims,FR,6,1,49.2652587890625,4.028530120849609
Palo Alto,US,6,1,37.40271759033203,-122.14799499511719
Piteşti,RO,6,1,44.849998474121094,24.866670608520508
Antibes,FR,6,1,43.58127,7.12487
Gaithersburg,US,6,1,39.14091873168945,-77.21875762939453
Sunnyvale,US,6,1,37.41718292236328,-122.02499389648438
Nicosia,CY,6,1,35.17530822753906,33.364200592041016
Villers-lès-Nancy,FR,5,1,48.67333,6.15283
Chicago,US,5,1,41.717647552490234,-87.6097412109375
Québec,CA,5,1,46.812278747558594,-71.21453857421875
Ipswich,GB,4,1,52.05916976928711,1.1554499864578247
Lanzhou,CN,4,1,36.057010650634766,103.8398666381836
Wayne,US,4,1,42.230560302734375,-97.017822265625
Hsinchu,TW,4,1,24.758333206176758,120.9527816772461
Omaha,US,4,1,41.2642822265625,-96.1151123046875
The Hague,NL,4,1,52.07667,4.29861
Tempe,US,4,1,33.41852569580078,-111.97714233398438
Donji grad,HR,4,1,45.81312942504883,15.977529525756836
Turku,FI,3,1,60.455596923828125,22.28641128540039
Dacun,TW,3,1,24.0,120.59610748291016
Oxford,GB,3,1,51.752220153808594,-1.2559599876403809
Taoyuan City,TW,3,1,25.0195255279541,121.4009780883789
Newport News,US,3,1,37.06305694580078,-76.49305725097656
Neyagawa,JP,3,1,34.760948181152344,135.62660217285156
Kashihara,JP,3,1,34.55165481567383,135.6497039794922
Sunderland,GB,2,1,54.9046516418457,-1.3822200298309326
Austin,US,1,1,30.445785522460938,-97.77733612060547
Oslo,NO,1,1,59.93594741821289,10.75960922241211
Santiago,CL,1,1,-33.42711639404297,-70.6104736328125
Yangon,MM,1,1,16.821029663085938,96.1359634399414
Georgetown,US,1,1,30.6326904296875,-97.67723083496094
Milan,IT,0,1,45.49623107910156,9.194457054138184
Ancona,IT,0,1,43.60200881958008,13.462653160095215
Helsinki,FI,0,1,60.16952133178711,24.935449600219727
Debrecen,HU,0,1,47.53166961669922,21.624439239501953
Pleasant Prairie,US,0,1,42.532867431640625,-87.89959716796875
Prosek,CZ,0,1,50.11692810058594,14.494235038757324
Setúbal,PT,0,1,38.5244,-8.8882
Cebu City,PH,0,1,10.320239067077637,123.93303680419922
Vaxjo,SE,0,1,56.883331298828125,14.800000190734863
Vergennes,US,0,1,44.19749069213867,-73.35689544677734
Veszprém,HU,0,1,47.10996627807617,17.909683227539062
